id,task,claim,reported,recomputed,outcome,note
RA-checkB-01,1,"Riferimento reale: finestra, orientazione (y), unita' e n dei nuclei corretti in real_pcf.rds",n primario/secondario e area_mm2 in real_pcf.rds (30 ROI x 2 segmentatori),"n identico in 59/60 pattern (A6 r3 primario 1081 vs 1080: 1 nucleo sul bordo di un pixel); area della finestra identica in 30/30 (|diff| 0); con y NON invertita i nuclei fuori maschera salirebbero da 0-3 a fino a 2532 per ROI e l'ISE vs riferimento da <=1e-4 a 0.7-9.6 (A1, A2, A5)",confermato,"Controprova y-flip discriminante solo dove la maschera e' asimmetrica (A1, A2, A5); in A3, A4, A6 la maschera e' quasi piena e l'ISE con y specchiata resta <= 0.14: li' l'orientazione e' confermata dal solo conteggio dei nuclei. File: rv_task1_real_pcf_summary.csv"
RA-checkB-02,1,"g(r) reale = pcf spatstat translate, divisor d, banda bw.stoyan del primario","real_pcf.rds $primary$g e $secondary$g, r = 0..30 passo 0.5","stimatore indipendente (numpy/scipy: coppie cKDTree, covarianza d'insieme FFT della maschera, Epanechnikov sd = bw, divisore d, massa del kernel rinormalizzata su [0,inf)): max|dg| <= 0.0021 su r in (0,30] in 60/60 pattern; ISE <= 1e-4",confermato,Senza correzione a r=0 le differenze salgono a 0.11-0.18 in A5/A6 (solo r < h): il risultato dipende dal default zerocor di spatstat.explore 3.8-2 (avviso 'default settings have changed for pcf.ppp >= 3.8-1'). Vedi RA-checkB-20.
RA-checkB-03,1,Le differenze tra g lisciata e g grezza sono dovute al solo lisciamento,report §3.4/R-4: risoluzione ~2 um in A5-A6,"stimatore ad anelli senza lisciamento (mediana 5 ROI): A6 g(2) 0.00 vs 0.56 lisciata, g(6) 1.53 vs 1.07; A5 g(4) 0.00 vs 0.07; A3 g(4) 0.36 vs 0.57, g(6) 1.63 vs 1.27; a r = 30 accordo entro 0.03 (A1-A5) e 0.12 (A6, rumore con n ~ 700-1300)",rilievo di metodo,"Il lisciamento attenua il picco del primo vicino anche in A3 (banda sd 1.0 um, semi-ampiezza 2.3 um), non solo in A5-A6 come scritto in R-4. Nessun errore di finestra o di unita': le differenze sono concentrate a r < 2h e spariscono a r grande."
RA-checkB-04,1,"I valori di riferimento g(2), g(4), g(6), g(30) della pre-registrazione coincidono con real_pcf.rds","prereg: g(2) 0.17/0.02/0.04/-/0.01; g(4) 1.57/0.65/0.57/-/0.07; g(6) 1.68/1.42/1.27/-/0.20; g(30) 1.21/1.21/1.29/-/1.15 (A1,A2,A3,A5)","mediane da real_pcf.rds e dal mio stimatore: identiche alle due cifre per A1, A2, A3, A5; A4 e A6 differiscono (A4 g(4) 0.80 vs 0.54; A6 g(2) 0.56 vs 0.71) perche' il primario e' passato a Space Ranger",confermato,Il cambio di primario in A4/A6 e' dichiarato (decisione R2b 2026-10-07); la tabella dei valori di riferimento della pre-registrazione riporta pero' ancora 'Cellpose' per tutti gli archetipi: i numeri A4/A6 della pre-registrazione non sono il riferimento usato.
RA-checkB-05,2,"D = trapezi su r = 0.5..30 di (g_sim - g_reale)^2 per ogni (ROI, modello)",S1.2_sim_models.csv colonna D (1020 righe),"ricalcolo da sim/*.rds + real_pcf.rds: max|dD| = 1.2e-13 su 1020/1020 righe, nessuna discordanza di NA; S1.2_pcf_curves.csv identico agli rds (max|dg| = 0)",confermato,"rv_task2_recompute.py, rv_task2_consistency.csv"
RA-checkB-06,2,"Tabella S1.2_checkB_summary.csv (B1a, B1b, B2, CP-1, CP-2, CP-3)",38 righe value/status,38/38 righe identiche per valore e per esito,confermato,rv_task2_summary_compare.csv
RA-checkB-07,"2,5",CP-1 in generale: Poisson-disk giustificato in 3/6 archetipi -> FAIL,"3/6 FAIL; A1 5/5, riduzione mediana 0.21","con l'integrale letterale della pre-registrazione (r da 0, trapezi passo 0.5): A1 riduzione 0.266 -> PASS, generale 4/6 -> PASS. g(0) e' finita e ben definita con questo stimatore (reale 0 in A1-A4, CSR ~1, PD 0)",rilievo di metodo,"La pre-registrazione scrive D = integrale da 0 a 30; il codice e il report (§2) usano r = 0.5..30 con la motivazione 'g(0) non stimabile', che non regge con i valori osservati. La scelta e' dichiarata come definizione operativa ma non come deviazione dalla pre-registrazione, e il report non dice che il verdetto generale di CP-1 si inverte con la definizione letterale."
RA-checkB-08,"4,5",CP-1 robusto alla banda,"3/6 (A2, A4, A5 PASS)","A1 riduzione mediana: x0.5 0.251 (PASS), x1 0.210, x2 0.064, banda propria per pattern 0.213; generale 4/6 PASS a x0.5, 3/6 a x1, x2 e con banda propria. A2, A4, A5 PASS e A3, A6 FAIL in tutte e 5 le varianti (x1, x0.5, x2, propria, r da 0)",rilievo di metodo,"La conclusione 'Poisson-disk non giustificato in generale' poggia su A1, che sta a 0.04 dalla soglia 0.25 e passa la soglia con 2 delle 5 varianti. Va riportata come verdetto al limite, non come smentita netta. Ricalcolo su tutti i 30 ROI, 20 repliche, stessi seed del progetto."
RA-checkB-09,"2,4,5",CP-2: regola 2/3 eq_r adeguata solo in A1 e A2,"rapporti 1.07, 0.99, 1.61, 5.80, 2.12, 40.82; d* 2.5/3.5/3.5/4.0/7.0/2.5","ricalcolo identico; con banda x0.5/x2/propria/r da 0: A1, A2 PASS e A3-A6 FAIL sempre (rapporto min fra le varianti: A3 1.58, A4 4.37, A5 2.09, A6 29.1); d* si sposta al massimo di 0.5 um",confermato,"Il rapporto di A2 < 1 nasce dal fatto che D_regola viene dal modello PD (d = 3.98, max_attempts_factor 1000, seed propri) e d* dalla griglia: e' coerente con la definizione."
RA-checkB-10,"2,5",CP-2: griglia con max_attempts_factor = 50 e arresto alla prima replica non piazzata,"dichiarato nel report §2 come definizione operativa, assente nella pre-registrazione",d massimo fattibile 7.0/8.0/6.5/4.5/15/15 um; d* e' interno in tutti gli archetipi (D cresce per >= 1 passo oltre d*: A4 0.20 -> 0.44 a 4.5); rigenerando con lo stesso codice fattibilita' e numero di repliche coincidono in 1020/1020 righe,confermato,"La deviazione non altera d* ne' gli esiti: con un fattore piu' alto si aggiungerebbero solo d oltre il minimo. In A1 e A5 il minimo e' piatto (A1: 4.75 a 2.5 vs 4.86 a 3.0; A5: 0.68-0.75 fra 7.0 e 8.0), quindi d* e' poco identificato."
RA-checkB-11,5,Banda fissata per ROI (bw di Stoyan del primario reale applicata a reale secondario e simulati),dichiarato nel report §2; la pre-registrazione dice solo 'stesso stimatore e stessa finestra',"con la banda di Stoyan propria di ciascun pattern (default spatstat): CP-1 3/6 (A1 0.213), CP-2 identico, CP-3 5/6",confermato,La scelta e' ragionevole e non cambia alcun esito.
RA-checkB-12,"2,5","B1a FAIL in A1, A2, A5 (2/5, 3/5, 1/5) per tolleranza operativa sbagliata, non per il simulatore",report §3.1 e R-3,"media sulle 20 repliche entro 2.2e-4 relativo dal totale in 30/30 ROI; eccesso massimo 2.05 cellule (A5) oltre totale x area, compatibile con l'arrotondamento indipendente di piu' componenti della maschera",confermato,"La definizione 'vera per costruzione' della pre-registrazione era sbagliata (il valore target coincide con l'estremo superiore dell'intervallo). E' dichiarato nel report, non e' nell'elenco di conclusioni ricevuto per la revisione."
RA-checkB-13,3,B1b: frazione esclusa e densita' attesa totale x (1 - esclusa) sui 30 ROI graphclust,"S1.2_B1b.csv frac_excluded, area_total_mm2, expected","componenti 4-connesse per cluster con scipy.ndimage.label, escluse se < 100 um^2 (solo singoletti a 8 um): max|d frac| = 4.7e-16, area identica, atteso identico in 30/30; stride 1 in 30/30",confermato,Mediana esclusa per archetipo 0.042/0.066/0.050/0.040/0.039/0.227. rv_task3_b1b.csv
RA-checkB-14,"3,5",A6 B1b FAIL; A4 PASS al limite (4/5),A6 0/5 FAIL; A4 4/5 PASS,"A6: l'atteso stesso e' fuori dall'intervallo in 5/5 ROI (esclusa 0.20-0.27 > 0.083 consentita); anche con 8-connessione (esclusa mediana 0.131) resta FAIL. A4: f1 ha atteso 26383 < 26844 (esclusa 0.059 > 0.045), gli altri 4 ROI hanno margine >= 110 /mm^2 contro una deviazione standard da arrotondamento ~ 8 cellule",confermato,"Il FAIL di A6 e' una proprieta' della semantica di esclusione di S1.1 (BL-043), non di seed_centroids()."
RA-checkB-15,3,Densita' seed 42 di B1b sopra l'atteso in 29/30 ROI,non discusso,"area dei poligoni semplificati = area in pixel (rapporto 1 in 30/30: ipotesi area esclusa); media dei primi 1000 uniformi con seed 42 = 0.488, z medio seed 42 = 0.95; media su 40 seed entro ~1 SE dall'atteso per ROI",rilievo di metodo,"Lo stesso seed in tutti i ROI produce numeri casuali comuni: i 5 ROI del criterio '>= 4/5' non sono repliche indipendenti. Effetto trascurabile qui (3-26 cellule, molto meno dell'ampiezza dell'intervallo), ma il criterio andrebbe applicato con seed diversi per ROI. Non e' un bias della funzione."
RA-checkB-16,"2,4,5",B2 FAIL in tutti gli archetipi,copertura PD 0.00/0.00/0.02/0.10/0.18/0.18,"ricalcolo identico; per singolo ROI copertura massima 0.25; con banda x0.5/x2/propria massima 0.35 (A6, x0.5): FAIL in 24/24 combinazioni archetipo x variante",confermato,La copertura dipende di +-1 punto di r (0.017) da differenze di 1e-3 nello stimatore. L'implementazione confronta la media di g_PD sui 5 ROI con l'inviluppo; la pre-registrazione e' ambigua (media di 20 repliche per ROI): con la lettura per ROI l'esito non cambia. A4 era previsto WARN: smentita dichiarata.
RA-checkB-17,"2,4",CP-3: riferimento discriminante in 5/6 (A6 FAIL),"A6 0.60, generale 5/6","A6: 0.595 (x1), 0.438 (x0.5), 0.794 (x2), 0.582 (propria), 0.449 (r da 0): passa la soglia 0.5 con 2 varianti su 5. Generale 5/6 o 6/6, previsione >= 4/6 rispettata sempre",rilievo di metodo,Il FAIL di A6 in CP-3 e' al limite e dipende dal lisciamento; coerente con la previsione 'incerto'.
RA-checkB-18,5,"'La distanza minima preferita (d*) segue la taglia del nucleo, non la densita''","report, In breve","d*/d_nuc = 0.61/0.56/0.56/0.95/0.62/0.52; d*/d_regola = 0.74/0.88/0.52/1.78/0.64/0.21; Spearman d* ~ d_nuc 0.60, d* ~ d_regola -0.12 (n = 6); Pearson 0.91 vs 0.32, trainato da A5",rilievo di metodo,"Supportato come descrizione (5/6 archetipi con d* ~ 0.5-0.6 d_nuc, A4 eccezione), non come risultato testato: n = 6, minimi piatti in A1 e A5, risoluzione ~2 um in A5-A6, d_nuc provvisorio (B-003...B-038). Formularlo come osservazione esplorativa."
RA-checkB-19,4,Riproducibilita' delle simulazioni,sim/*.rds (1020 righe),"rigenerate con seed_centroids() e gli stessi seed: 1020/1020 righe presenti, fattibilita' e repliche identiche, max|dg| 2.4e-3 (attribuibile al mio stimatore, verificato contro spatstat::pcf entro 1.3e-3 sul primo pattern di ogni unita')",confermato,"rv_task4_repro_sim.csv, rv_task4_repro_real.csv"
RA-checkB-20,5,Definizioni operative 'fissate prima del run',header di tools/S1.2_checkB.R e report §2,"il commit della pre-registrazione (60187fb, 12:25) non contiene lo script; tools/S1.2_checkB.R compare solo in 6316790 (13:19), insieme ai risultati; real_pcf.rds e' delle 12:36",rilievo di metodo,"Che banda per ROI, r da 0.5, max_attempts_factor 50 e tolleranza B1a siano stati fissati prima del run non e' verificabile dalla storia git; vale come dichiarazione. Va aggiunto anche che i risultati dipendono dal default zerocor di spatstat.explore 3.8-2 (RA-checkB-02)."
RA-checkB-21,"4,5",I risultati di check B corrispondono al codice di seed_centroids() in revisione,commit 6316790 (risultati generati 12:36-13:14),"il mio ricalcolo (lanciato 13:23, codice caricato all'avvio) usa R/04b2_seed_centroids.R di 6316790 e riproduce 1020/1020 righe. Alle 14:18 il file e' stato modificato fuori commit (nuovo argomento max_consecutive_rejections, max_attempts_factor conta solo le proposte dentro il poligono), insieme a test_S1.2.R e S1.2_mutants.R",rilievo di metodo,La modifica non e' mia (questa revisione scrive solo in review/checkB/). Cambia il criterio di arresto: la fattibilita' della griglia CP-2 (max_attempts_factor 50) e gli n_failed potrebbero cambiare se check B venisse rifatto. Le conferme di questa revisione valgono per 6316790; con il codice nuovo vanno considerate provvisorie finche' check B non viene rifatto o non si mostra che i pattern restano identici.
