"id","group","n_px","stride","stride_indep","n_components","n_components_imager","c4_identical","c1_relerr","c1s_relerr","c1s_p95_region","c1s_max_region","c2_valid_exact","c2_valid_simpl","c2_polygon_only","c2_nonempty","c3","c5_match_exact","c5_match_simpl","c5_multi_simpl","c6_overlap_exact","c6_uncovered_exact","c6_overlap_simpl","c6_uncovered_simpl","c7_filter","c7_scale","c8","n_regions_100","n_excluded_100","frac_area_excluded_100","n_clusters","elapsed_total_s"
"adv_blobs_9_10","adv",181,1,1,2,2,TRUE,0,0,0,0,TRUE,TRUE,TRUE,TRUE,TRUE,1,1,0,0,0,0,0,TRUE,TRUE,TRUE,1,1,0.447513812154696,2,0.0640000000000001
"adv_border","adv",5400,1,1,7,7,TRUE,0,0,0,0,TRUE,TRUE,TRUE,TRUE,TRUE,1,1,0,0,0,0,0,TRUE,TRUE,TRUE,7,0,0,4,0.121000000000002
"adv_checker","adv",2500,1,1,2500,2500,TRUE,0,0,0,0,TRUE,TRUE,TRUE,TRUE,TRUE,1,1,0,0,0,0,0,TRUE,TRUE,TRUE,0,2500,1,2,0.664999999999999
"adv_corner","adv",8,1,1,2,2,TRUE,0,0,0,0,TRUE,TRUE,TRUE,TRUE,TRUE,1,1,0,0,0,0,0,TRUE,TRUE,TRUE,0,2,1,1,0.0530000000000044
"adv_donut_island","adv",88,1,1,2,2,TRUE,0,0,0,0,TRUE,TRUE,TRUE,TRUE,TRUE,1,1,0,0,0,0,0,TRUE,TRUE,TRUE,0,2,1,2,0.0579999999999998
"adv_donut","adv",84,1,1,1,1,TRUE,0,0,0,0,TRUE,TRUE,TRUE,TRUE,TRUE,1,1,0,0,0,0,0,TRUE,TRUE,TRUE,0,1,1,1,0.0559999999999974
"adv_L","adv",7,1,1,1,1,TRUE,0,0,0,0,TRUE,TRUE,TRUE,TRUE,TRUE,1,1,0,0,0,0,0,TRUE,TRUE,TRUE,0,1,1,1,0.0519999999999996
"adv_line","adv",219,1,1,3,3,TRUE,0,0,0,0,TRUE,TRUE,TRUE,TRUE,TRUE,1,1,0,0,0,0,0,TRUE,TRUE,TRUE,1,2,0.54337899543379,2,0.0919999999999987
"adv_pinch_hole","adv",16,1,1,1,1,TRUE,0,0,0,0,TRUE,TRUE,TRUE,TRUE,TRUE,1,1,0,0,0,0,0.015625,TRUE,TRUE,TRUE,0,1,1,1,0.0549999999999997
"adv_pixel35","adv",1,1,1,1,1,TRUE,0,0,0,0,TRUE,TRUE,TRUE,TRUE,TRUE,1,1,0,0,0,0,0,TRUE,TRUE,TRUE,0,1,1,1,0.0480000000000018
"adv_single_cluster","adv",8000,1,1,1,1,TRUE,0,0,0,0,TRUE,TRUE,TRUE,TRUE,TRUE,1,1,0,0,0,0,0,TRUE,TRUE,TRUE,1,0,0,1,0.152999999999999
"I1_syn600_c1","syn",359449,1,1,5,5,TRUE,0,0,0,0,TRUE,TRUE,TRUE,TRUE,TRUE,1,1,0,0,0,0.000125655285357945,0.00012843732119613,TRUE,TRUE,TRUE,5,0,0,4,5.797
"I2_syn600_c2","syn",345509,1,1,19,19,TRUE,0,0,0,0,TRUE,TRUE,TRUE,TRUE,TRUE,1,1,0,0,0,8.6820801834558e-05,8.89915122936199e-05,TRUE,NA,TRUE,16,3,8.68284183624739e-05,4,5.867
"I3_syn600_c3","syn",360000,1,1,14,14,TRUE,0,0,0,0,TRUE,TRUE,TRUE,TRUE,TRUE,1,1,0,0,0,0.00020995370370365,0.00020995370370365,TRUE,NA,TRUE,11,3,1.66666666666667e-05,4,5.818
"I4_syn600_c4","syn",360000,1,1,5,5,TRUE,0,0,0,0,TRUE,TRUE,TRUE,TRUE,TRUE,1,1,0,0,0,0.000140972222222222,0.000140972222222222,TRUE,NA,TRUE,5,0,0,4,5.571
"I5_syn600_c2_labels","syn",360000,1,1,30,30,TRUE,0,0,0,0,TRUE,TRUE,TRUE,TRUE,TRUE,1,1,0,0,0,9.7916666666505e-05,9.7916666666505e-05,TRUE,NA,TRUE,30,0,0,30,5.673
"I6_syn6800x6500_c2","syn",1180504,6,6,18,18,TRUE,0,0,0,0,TRUE,TRUE,TRUE,TRUE,TRUE,1,1,0,0,0,0,0,TRUE,NA,TRUE,18,0,0,4,17.511
"null_full_A1","null_full",351786,1,1,302131,NA,NA,0,0,0,0,TRUE,TRUE,TRUE,TRUE,TRUE,NA,NA,NA,NA,NA,NA,NA,TRUE,NA,NA,38206,263925,0.750243045487882,26,62.779
"null_full_A2A3","null_full",516363,1,1,416959,NA,NA,0,0,0,0,TRUE,TRUE,TRUE,TRUE,TRUE,NA,NA,NA,NA,NA,NA,NA,TRUE,NA,NA,67409,349550,0.676946256799964,17,91.75
"null_full_A4","null_full",288143,1,1,197223,NA,NA,0,0,0,0,TRUE,TRUE,TRUE,TRUE,TRUE,NA,NA,NA,NA,NA,NA,NA,TRUE,NA,NA,42981,154242,0.535296710313976,29,60.125
"null_full_A5","null_full",399580,1,1,306764,NA,NA,0,0,0,0,TRUE,TRUE,TRUE,TRUE,TRUE,NA,NA,NA,NA,NA,NA,NA,TRUE,NA,NA,57328,249436,0.624245457730617,27,75.049
"null_full_A6","null_full",664917,1,1,455554,NA,NA,0,0,0,0,TRUE,TRUE,TRUE,TRUE,TRUE,NA,NA,NA,NA,NA,NA,NA,TRUE,NA,NA,113936,341618,0.513775403546608,13,131.448
"real_full_A1","real_full",351786,1,1,40940,40940,TRUE,0,0,0,0,TRUE,TRUE,TRUE,TRUE,TRUE,1,1,0,0,0,0,0,TRUE,NA,TRUE,21659,19281,0.0548088894953182,26,74.774
"real_full_A2A3","real_full",516363,1,1,56376,56376,TRUE,0,0,0,0,TRUE,TRUE,TRUE,TRUE,TRUE,1,1,0,0,0,0,0,TRUE,NA,NA,24983,31393,0.0607963777420148,17,65.59
"real_full_A4","real_full",288143,1,1,58727,58727,TRUE,0,0,0,0,TRUE,TRUE,TRUE,TRUE,TRUE,1,1,0,0,0,0,0,TRUE,NA,NA,14511,44216,0.153451584803379,29,54.068
"real_full_A5","real_full",399580,1,1,44122,44122,TRUE,0,0,0,0,TRUE,TRUE,TRUE,TRUE,TRUE,1,1,0,0,0,0,0,TRUE,NA,NA,21556,22566,0.0564742980129136,27,59.501
"real_full_A6","real_full",664917,1,1,209607,209607,TRUE,0,0,0,0,TRUE,TRUE,TRUE,TRUE,TRUE,1,1,0,0,0,0,0,TRUE,NA,NA,72296,137311,0.206508481509722,13,133.627
"roi_A1_r1","real_roi",13995,1,1,1376,1376,TRUE,0,0,0,0,TRUE,TRUE,TRUE,TRUE,TRUE,1,1,0,0,0,0,0,TRUE,NA,NA,786,590,0.0421579135405502,22,1.918
"roi_A1_r2","real_roi",11785,1,1,1427,1427,TRUE,0,0,0,0,TRUE,TRUE,TRUE,TRUE,TRUE,1,1,0,0,0,0,0,TRUE,NA,NA,819,608,0.0515910055154858,23,1.858
"roi_A1_r3","real_roi",14371,1,1,1400,1400,TRUE,0,0,0,0,TRUE,TRUE,TRUE,TRUE,TRUE,1,1,0,0,0,0,0,TRUE,NA,NA,815,585,0.0407069793333797,20,1.945
"roi_A1_r4","real_roi",11602,1,1,1222,1222,TRUE,0,0,0,0,TRUE,TRUE,TRUE,TRUE,TRUE,1,1,0,0,0,0,0,TRUE,NA,NA,671,551,0.0474918117565937,23,1.841
"roi_A1_r5","real_roi",12786,1,1,1271,1271,TRUE,0,0,0,0,TRUE,TRUE,TRUE,TRUE,TRUE,1,1,0,0,0,0,0,TRUE,NA,NA,732,539,0.042155482559049,23,1.724
"roi_A2_r1","real_roi",13600,1,1,2109,2109,TRUE,0,0,0,0,TRUE,TRUE,TRUE,TRUE,TRUE,1,1,0,0,0,0,0,TRUE,NA,NA,1024,1085,0.0797794117647059,13,2.188
"roi_A2_r2","real_roi",13873,1,1,1765,1765,TRUE,0,0,0,0,TRUE,TRUE,TRUE,TRUE,TRUE,1,1,0,0,0,0,0,TRUE,NA,NA,856,909,0.0655229582642543,13,2.058
"roi_A2_r3","real_roi",11148,1,1,1782,1782,TRUE,0,0,0,0,TRUE,TRUE,TRUE,TRUE,TRUE,1,1,0,0,0,0,0,TRUE,NA,NA,863,919,0.0824363114459993,12,2.15000000000001
"roi_A2_r4","real_roi",15638,1,1,1536,1536,TRUE,0,0,0,0,TRUE,TRUE,TRUE,TRUE,TRUE,1,1,0,0,0,0,0,TRUE,NA,NA,672,864,0.0552500319733981,11,1.862
"roi_A2_r5","real_roi",15643,1,1,1918,1918,TRUE,0,0,0,0,TRUE,TRUE,TRUE,TRUE,TRUE,1,1,0,0,0,0,0,TRUE,NA,NA,925,993,0.0634788723390654,12,2.282
"roi_A3_r1","real_roi",15597,1,1,1361,1361,TRUE,0,0,0,0,TRUE,TRUE,TRUE,TRUE,TRUE,1,1,0,0,0,0,0,TRUE,NA,NA,576,785,0.0503301917035327,12,1.727
"roi_A3_r2","real_roi",15640,1,1,1038,1038,TRUE,0,0,0,0,TRUE,TRUE,TRUE,TRUE,TRUE,1,1,0,0,0,0,0,TRUE,NA,NA,408,630,0.0402813299232737,12,1.307
"roi_A3_r3","real_roi",15647,1,1,1538,1538,TRUE,0,0,0,0,TRUE,TRUE,TRUE,TRUE,TRUE,1,1,0,0,0,0,0,TRUE,NA,NA,686,852,0.0544513325238065,12,1.778
"roi_A3_r4","real_roi",15638,1,1,1447,1447,TRUE,0,0,0,0,TRUE,TRUE,TRUE,TRUE,TRUE,1,1,0,0,0,0,0,TRUE,NA,NA,614,833,0.0532676812891674,11,1.786
"roi_A3_r5","real_roi",15643,1,1,1104,1104,TRUE,0,0,0,0,TRUE,TRUE,TRUE,TRUE,TRUE,1,1,0,0,0,0,0,TRUE,NA,NA,499,605,0.0386754458863389,11,1.439
"roi_A4_f1","real_roi",15593,1,1,1463,1463,TRUE,0,0,0,0,TRUE,TRUE,TRUE,TRUE,TRUE,1,1,0,0,0,0,0,TRUE,NA,NA,542,921,0.0590649650484192,19,1.621
"roi_A4_f2","real_roi",15625,1,1,948,948,TRUE,0,0,0,0,TRUE,TRUE,TRUE,TRUE,TRUE,1,1,0,0,0,0,0,TRUE,NA,NA,325,623,0.039872,14,1.26
"roi_A4_p1","real_roi",15625,1,1,876,876,TRUE,0,0,0,0,TRUE,TRUE,TRUE,TRUE,TRUE,1,1,0,0,0,0,0,TRUE,NA,NA,317,559,0.035776,9,1.138
"roi_A4_p2","real_roi",15625,1,1,941,941,TRUE,0,0,0,0,TRUE,TRUE,TRUE,TRUE,TRUE,1,1,0,0,0,0,0,TRUE,NA,NA,307,634,0.040576,11,1.178
"roi_A4_p3","real_roi",15625,1,1,692,692,TRUE,0,0,0,0,TRUE,TRUE,TRUE,TRUE,TRUE,1,1,0,0,0,0,0,TRUE,NA,NA,263,429,0.027456,8,1.045
"roi_A5_r1","real_roi",15625,1,1,1235,1235,TRUE,0,0,0,0,TRUE,TRUE,TRUE,TRUE,TRUE,1,1,0,0,0,0,0,TRUE,NA,NA,625,610,0.03904,20,1.765
"roi_A5_r2","real_roi",14576,1,1,1050,1050,TRUE,0,0,0,0,TRUE,TRUE,TRUE,TRUE,TRUE,1,1,0,0,0,0,0,TRUE,NA,NA,540,510,0.0349890230515917,18,1.713
"roi_A5_r3","real_roi",14464,1,1,1152,1152,TRUE,0,0,0,0,TRUE,TRUE,TRUE,TRUE,TRUE,1,1,0,0,0,0,0,TRUE,NA,NA,572,580,0.0400995575221239,20,1.784
"roi_A5_r4","real_roi",13499,1,1,1570,1570,TRUE,0,0,0,0,TRUE,TRUE,TRUE,TRUE,TRUE,1,1,0,0,0,0,0,TRUE,NA,NA,707,863,0.0639306615304837,20,2.06
"roi_A5_r5","real_roi",14651,1,1,1051,1051,TRUE,0,0,0,0,TRUE,TRUE,TRUE,TRUE,TRUE,1,1,0,0,0,0,0,TRUE,NA,NA,581,470,0.0320797215207153,18,1.72
"roi_A6_r1","real_roi",15617,1,1,4788,4788,TRUE,0,0,0,0,TRUE,TRUE,TRUE,TRUE,TRUE,1,1,0,0,0,0,0,TRUE,NA,NA,1632,3156,0.202087468784017,12,3.306
"roi_A6_r2","real_roi",15605,1,1,6386,6386,TRUE,0,0,0,0,TRUE,TRUE,TRUE,TRUE,TRUE,1,1,0,0,0,0,0,TRUE,NA,NA,2104,4282,0.2743992310157,13,3.785
"roi_A6_r3","real_roi",15603,1,1,5221,5221,TRUE,0,0,0,0,TRUE,TRUE,TRUE,TRUE,TRUE,1,1,0,0,0,0,0,TRUE,NA,NA,1684,3537,0.226687175543165,13,3.341
"roi_A6_r4","real_roi",15482,1,1,5431,5431,TRUE,0,0,0,0,TRUE,TRUE,TRUE,TRUE,TRUE,1,1,0,0,0,0,0,TRUE,NA,NA,1926,3505,0.226391939025966,13,3.555
"roi_A6_r5","real_roi",15596,1,1,5522,5522,TRUE,0,0,0,0,TRUE,TRUE,TRUE,TRUE,TRUE,1,1,0,0,0,0,0,TRUE,NA,NA,1972,3550,0.227622467299308,13,3.507
