"patch","Freq","n_px","n_components"
1,7208,7208,1
2,5236,5236,1
3,15904,15904,1
4,9066,9066,1
5,14202,14202,1
6,9188,9188,1
7,8138,8138,1
8,17347,17347,1
9,15374,15374,1
10,10568,10568,1
11,7537,7537,1
12,16896,16896,1
13,6462,6462,1
14,21956,21956,1
15,10178,10178,1
16,6818,6818,1
17,3480,3480,1
18,30802,30802,1
19,8138,8138,1
20,10973,10973,1
21,10787,10787,1
22,15979,15979,1
23,5891,5891,1
24,1933,1933,1
25,14491,14491,1
26,7808,7808,1
27,17972,17972,1
28,13054,13054,1
29,25669,25669,1
30,10945,10945,1
