win_id,archetype,dataset,roi_id,roi_label,side_um,side_px,um_per_px,area_mm2,c0_roi,r0_roi,x0_um,y0_um,c0_img,r0_img,inside_roi,tissue_frac,bubble_frac,n_tries,roundtrip_identical,roundtrip_maxdiff,md5_array,png,rater2,density_consensus_roi,expected_consensus,n_cellpose_rgb,n_stardist_he,n_spaceranger
A1_w1,A1,Visium_HD_Mouse_Small_Intestine,r1,mucosa villi+cripte anello esterno,100,365,0.2737612671531527,0.009984578452372371,1424,3180,389.8360444260894,870.5608295470255,1607,15234,True,0.983546631638206,0.0,1,True,0,c8ddb3b5e8634843de95544a29b99840,/mnt/micron/geo_spatialtrans/R2b/windows/A1_w1.png,True,11473.022031199638,114.5532885563094,154,86,
A1_w2,A1,Visium_HD_Mouse_Small_Intestine,r2,mucosa anello esterno SW,100,365,0.2737612671531527,0.009984578452372371,2231,1733,610.7613870186836,474.4282759764136,4788,19266,True,0.9824657534246576,0.0,3,True,0,6892119176a377cc0af11b39d94129c5,/mnt/micron/geo_spatialtrans/R2b/windows/A1_w2.png,False,10788.21770867781,107.7158060735665,92,38,
A1_w3,A1,Visium_HD_Mouse_Small_Intestine,r3,mucosa anello esterno S,100,365,0.2737612671531527,0.009984578452372371,2946,724,806.5006930331879,198.20315741888254,9521,18623,True,0.9770913867517358,0.0,1,True,0,3764980fd6a96604ce24ab4d82e84990,/mnt/micron/geo_spatialtrans/R2b/windows/A1_w3.png,False,10875.568598280091,108.587967883685,147,64,
A1_w4,A1,Visium_HD_Mouse_Small_Intestine,r4,mucosa anelli interni,100,365,0.2737612671531527,0.009984578452372371,1937,2174,530.2755744756568,595.156994790954,5955,16785,True,0.9861287295927942,0.0,2,True,0,1f27466f6998995703215891d0a11773,/mnt/micron/geo_spatialtrans/R2b/windows/A1_w4.png,True,10952.06913688698,109.3517935130542,99,38,
A2_w1,A2,Visium_HD_Human_Colon_Cancer,r2,tumore ghiandolare superficiale,120,438,0.2737012522439323,0.014371489761565296,2218,2732,607.0693774770419,747.7518211304231,47888,6751,True,1.0,0.0,1,True,0,132fcaede662e77f3088d54ddcb9d19d,/mnt/micron/geo_spatialtrans/R2b/windows/A2_w1.png,False,6739.468717148226,96.85620566688533,115,31,86.0
A2_w2,A2,Visium_HD_Human_Colon_Cancer,r3,tumore ghiandolare,120,438,0.2737012522439323,0.014371489761565296,2296,1518,628.4180751520686,415.47850090628924,52716,6268,True,0.9569441838160172,0.0,2,True,0,25379eff99d10edbd6846b4632abae1c,/mnt/micron/geo_spatialtrans/R2b/windows/A2_w2.png,True,7503.391761571342,107.83491787843593,129,88,139.0
A2_w3,A2,Visium_HD_Human_Colon_Cancer,r4,nidi tumorali invasivi,120,438,0.2737012522439323,0.014371489761565296,2747,1855,751.8573399140821,507.71582291249445,49148,14642,True,1.0,0.0,1,True,0,f5e29dc0b71b04f6c586c6c8f2a27f9c,/mnt/micron/geo_spatialtrans/R2b/windows/A2_w3.png,False,5920.243524396363,85.08271919683557,99,49,116.0
A2_w4,A2,Visium_HD_Human_Colon_Cancer,r5,nidi tumorali invasivi,120,438,0.2737012522439323,0.014371489761565296,694,924,189.94866905728904,252.89995707339347,43807,14442,True,1.0,0.0,1,True,0,c986e3d40ffa1485fefaa803a7cf4041,/mnt/micron/geo_spatialtrans/R2b/windows/A2_w4.png,True,5510.973668224298,79.20090164914144,94,61,110.0
A3_w1,A3,Visium_HD_Human_Colon_Cancer,r1,stroma desmoplastico (cluster 2),150,548,0.2737012522439323,0.02249648600611489,1152,3008,315.30384258501005,823.2933667497484,42803,13238,True,1.0,0.0,1,True,0,cced2e7e58ff26203f0a831bf0f09a0d,/mnt/micron/geo_spatialtrans/R2b/windows/A3_w1.png,True,4065.566695413685,91.46096427030072,58,38,61.0
A3_w2,A3,Visium_HD_Human_Colon_Cancer,r3,stroma desmoplastico (cluster 2),150,548,0.2737012522439323,0.02249648600611489,2910,195,796.470644029843,53.371744187566804,51138,8963,True,1.0,0.0,1,True,0,f3409d4e0127cf7be1c08cbb1e3ce9ec,/mnt/micron/geo_spatialtrans/R2b/windows/A3_w2.png,False,4133.393769193582,92.98683508642588,81,44,53.0
A3_w3,A3,Visium_HD_Human_Colon_Cancer,r4,stroma desmoplastico (cluster 2),150,548,0.2737012522439323,0.02249648600611489,2670,455,730.7823434912993,124.5340697709892,52359,12146,True,1.0,0.0,1,True,0,d42c36f86ddc939c738cab19b8302e1a,/mnt/micron/geo_spatialtrans/R2b/windows/A3_w3.png,True,4558.353149763681,102.54692784458838,85,59,76.0
A3_w4,A3,Visium_HD_Human_Colon_Cancer,r5,stroma desmoplastico (cluster 2; margine tumorale in basso),150,548,0.2737012522439323,0.02249648600611489,901,866,246.60482827178302,237.0252844432454,46936,11096,True,1.0,0.0,1,True,0,baa2b32d607274ec9f7ad61196644f7d,/mnt/micron/geo_spatialtrans/R2b/windows/A3_w4.png,False,4117.390935899584,92.62682757116929,19,11,16.0
A4_w1,A4,Visium_HD_Human_Lymph_Node_FFPE,f1,follicolo (cluster 5),60,219,0.273775031262766,0.0035948096937185934,970,2134,265.561780324883,584.2359167147426,6997,7613,True,1.0,0.0,1,True,0,0061c31eae566e3c7dba940da4b008db,/mnt/micron/geo_spatialtrans/R2b/windows/A4_w1.png,False,19781.13922354705,71.10943103360403,62,46,76.0
A4_w2,A4,Visium_HD_Human_Lymph_Node_FFPE,p1,paracorticale (cluster 2),60,219,0.273775031262766,0.0035948096937185934,949,1730,259.8125046683649,473.6308040845851,10811,7939,True,1.0,0.0,1,True,0,1e594a9a0c743a3f692a4cc7fb468720,/mnt/micron/geo_spatialtrans/R2b/windows/A4_w2.png,True,25573.546681825632,91.93203351459175,100,96,119.0
A4_w3,A4,Visium_HD_Human_Lymph_Node_FFPE,p2,paracorticale (cluster 2),60,219,0.273775031262766,0.0035948096937185934,216,2427,59.135406752757454,664.452000874733,10443,12654,True,1.0,0.0,1,True,0,0fbd14649affcc91e2377d74438d1a33,/mnt/micron/geo_spatialtrans/R2b/windows/A4_w3.png,False,24491.169144930314,88.04109225269721,98,86,111.0
A4_w4,A4,Visium_HD_Human_Lymph_Node_FFPE,p3,paracorticale (cluster 2),60,219,0.273775031262766,0.0035948096937185934,1053,832,288.28510791969256,227.7808260106213,10184,13251,True,1.0,0.0,1,True,0,e024099f774e4d2c5665152dc9c05619,/mnt/micron/geo_spatialtrans/R2b/windows/A4_w4.png,True,25514.88711148196,91.72116352249095,90,86,113.0
A5_w1,A5,Visium_HD_6p5mm_Mouse_Brain,r1,corteccia dorsale (cluster 1),250,912,0.2740235311137736,0.06245473838530431,2607,99,714.3793456136077,27.128329580263586,8081,1376,True,0.9900870941058787,0.0,5,True,0,11577e5e44b5f244c6dc41140ffacc99,/mnt/micron/geo_spatialtrans/R2b/windows/A5_w1.png,False,2336.643401347328,145.934452330895,77,94,72.0
A5_w2,A5,Visium_HD_6p5mm_Mouse_Brain,r2,corteccia dorsale (cluster 1),250,912,0.2740235311137736,0.06245473838530431,1721,744,471.59449704680435,203.87350714864755,15589,2934,True,0.9907086795937211,0.0,2,True,0,cf57bfa949238d71da61e9c09a57f283,/mnt/micron/geo_spatialtrans/R2b/windows/A5_w2.png,True,1127.2424319806755,70.40163118616728,50,62,37.0
A5_w3,A5,Visium_HD_6p5mm_Mouse_Brain,r3,corteccia laterale (cluster 1),250,912,0.2740235311137736,0.06245473838530431,2045,802,560.378121127667,219.7668719532464,19927,8101,True,0.9544667590027701,0.0,1,True,0,9e0035ee2b1e135cf36baa071c0fd875,/mnt/micron/geo_spatialtrans/R2b/windows/A5_w3.png,False,1018.519225291329,63.61135175597278,42,45,11.0
A5_w4,A5,Visium_HD_6p5mm_Mouse_Brain,r5,corteccia dorsale (cluster 1),250,912,0.2740235311137736,0.06245473838530431,510,613,139.75200086802454,167.9764245727432,12188,1890,True,1.0,0.0,1,True,0,3d46ae312f65acb2f1e93ddffa80a7b3,/mnt/micron/geo_spatialtrans/R2b/windows/A5_w4.png,True,1446.3740910345064,90.33291546284242,84,106,82.0
A6_w1,A6,Visium_HD_6p5mm_Human_Heart,r2,miocardio,250,913,0.2738114292042152,0.062494917535054234,2248,1899,615.5280928510757,519.9679040588046,21239,19795,True,0.9317956881793829,0.0,18,True,0,43e236747949e9d7b151948635c5ca7c,/mnt/micron/geo_spatialtrans/R2b/windows/A6_w1.png,False,966.644908052031,60.41039381439176,29,47,58.0
A6_w2,A6,Visium_HD_6p5mm_Human_Heart,r3,miocardio,250,913,0.2738114292042152,0.062494917535054234,511,1291,139.91764032335396,353.4905551026418,26441,19917,True,0.9565290935723377,0.0,7,True,0,ad2638d50e520402110b12292de31ce0,/mnt/micron/geo_spatialtrans/R2b/windows/A6_w2.png,False,1044.4565715894844,65.2732273104303,14,56,67.0
A6_w3,A6,Visium_HD_6p5mm_Human_Heart,r4,miocardio,250,913,0.2738114292042152,0.062494917535054234,858,1401,234.93020625721664,383.6098123151055,30075,26966,True,0.9521863217082209,0.0,37,True,0,72fa209e587c263940a5cf324f12cc20,/mnt/micron/geo_spatialtrans/R2b/windows/A6_w3.png,True,1292.9642010470936,80.8036911202154,23,66,70.0
A6_w4,A6,Visium_HD_6p5mm_Human_Heart,r5,miocardio,250,913,0.2738114292042152,0.062494917535054234,815,2528,223.15631480143537,692.1952930282561,15058,29919,True,0.9160957281280854,0.0,1,True,0,0c5582123242f4da1944d9b45f074dc6,/mnt/micron/geo_spatialtrans/R2b/windows/A6_w4.png,True,1163.291348852583,72.69979691578419,58,55,70.0
