win_id,target,x_img_px,y_img_px,x_win_px,y_win_px,x_um,y_um
A1_w1,1,185.00232614160163,153.94324810042949,148.00232614160163,116.94324810042949,430.35334877222846,902.5753613320046
A1_w1,2,273.3091214870679,249.57108876814905,236.3091214870679,212.57108876814905,454.5283289642374,928.7545601683192
A1_w1,3,372.66608694047596,244.4512754937615,335.66608694047596,207.4512754937615,481.72841772725445,927.3529535987354
A1_w1,4,121.10958399103734,273.2879666106699,84.10958399103734,236.2879666106699,412.8619907192003,935.2473226994043
A1_w1,5,56.1170021380791,325.7761757194916,19.1170021380791,288.7761757194916,395.0695391555795,949.616561335635
A1_w1,6,104.46577952026068,174.7421621840502,67.46577952026068,137.7421621840502,408.3055617170312,908.2692984069462
A1_w1,7,248.03628434771997,355.930699876728,211.03628434771997,318.930699876728,447.60960504441425,957.8717020793204
A1_w1,8,337.644620838296,137.74497656334972,300.644620838296,100.74497656334972,472.1408967895605,898.1409019903227
A1_w1,9,185.92026604149854,229.05703095174383,148.92026604149854,192.05703095174383,430.60464516239466,923.1386057060472
A1_w1,10,167.14890558711377,66.31906554179292,130.14890558711377,29.319065541792924,425.4657737382137,878.587254081493
A1_w2,1,287.9376781366161,136.12644894038198,250.9376781366161,99.12644894038198,679.4584037618337,501.56525824672485
A1_w2,2,335.2562495113173,227.1262399827854,298.2562495113173,190.1262399827854,692.4123958212488,526.4774763531653
A1_w2,3,55.46485654997992,100.25822705548391,18.46485654997992,63.258227055483914,615.8163495456073,491.74592837298474
A1_w2,4,324.01041142354296,318.41235604867865,287.01041142354296,281.41235604867865,689.3337209361405,551.468079160854
A1_w2,5,187.55159122440102,234.2943995449582,150.55159122440102,197.2943995449582,651.9765814041991,528.4398407980617
A1_w2,6,145.6151064649876,110.94340267078127,108.6151064649876,73.94340267078127,640.4959961965133,494.6711155891825
A1_w2,7,260.9514316962409,234.58077552522613,223.9514316962409,197.58077552522613,672.0706147406092,528.5182394493021
A1_w2,8,82.3292888866838,305.3616830741581,45.3292888866838,268.3616830741581,623.1707905834535,547.8953103901479
A1_w2,9,93.32037258441838,171.64634161280253,56.32037258441838,134.64634161280253,626.1797235839317,511.2892290738707
A1_w2,10,198.204477405585,353.9884943313517,161.204477405585,316.9884943313517,654.8929290239984,561.2074478575344
A1_w3,1,75.90300091287101,141.59860422659568,38.90300091287101,104.59860422659568,817.1508278591557,226.83820385440646
A1_w3,2,207.47748431652053,57.7519422740516,170.47748431652053,20.7519422740516,853.1708251607603,203.88423543171595
A1_w3,3,244.0211055579688,289.05804516883364,207.0211055579688,252.05804516883364,863.175053218184,267.206887260449
A1_w3,4,168.8733658916496,373.9600623163101,131.8733658916496,336.9600623163101,842.6025127834372,290.44977105860085
A1_w3,5,366.1834217169889,200.73103472029976,329.1834217169889,163.73103472029976,896.6183636882414,243.0263729562086
A1_w3,6,372.44650912753866,117.43176994260016,335.44650912753866,80.43176994260016,898.3329544340445,220.2222606777396
A1_w3,7,246.57516409010776,177.17395694413173,209.57516409010776,140.17395694413173,863.8742555183256,236.5773574937795
A1_w3,8,366.23271906848254,327.8557761459932,329.23271906848254,290.8557761459932,896.6318593936536,277.8282032554233
A1_w3,9,107.99462537988728,63.85472903301939,70.99462537988728,26.85472903301939,825.9362716382492,205.55494206801646
A1_w3,10,116.97031629288975,250.61979433182955,79.97031629288975,213.61979433182955,828.3934681561677,256.68398300416004
A1_w4,1,380.14685163903494,230.26327320876783,343.14685163903494,193.26327320876783,624.2158913999739,648.0649933587522
A1_w4,2,302.3664705582299,378.9596691581087,265.3664705582299,341.9596691581087,602.9226357156375,688.7723071349507
A1_w4,3,120.85737471199253,129.64916951505774,83.85737471199253,92.64916951505774,553.2324756369486,620.5207488380834
A1_w4,4,100.33244894795341,247.72292232483358,63.33244894795341,210.72292232483358,547.6135459515608,652.8447690248157
A1_w4,5,309.3374597714411,114.350663282148,272.3374597714411,77.350663282148,604.8310225559572,616.3326103862116
A1_w4,6,59.809856675508016,319.6015312048526,22.809856675508016,282.6015312048526,536.5200297427257,672.5223480730156
A1_w4,7,380.2264729888529,330.1884634922526,343.2264729888529,293.1884634922526,624.2376886415925,675.4206400712789
A1_w4,8,86.44279463872508,55.66837619118019,49.442794638725076,18.668376191180187,543.8110965875472,600.2676731127432
A1_w4,9,278.32996660954916,225.07064725183884,241.32996660954916,188.07064725183884,596.3423719367149,646.643453496931
A1_w4,10,228.2329743422742,160.41242819162846,191.2329743422742,123.41242819162846,582.6277558530641,628.9425375151416
A2_w1,1,122.04794966707269,367.73093903662885,85.04794966707269,330.73093903662885,630.3471078016987,838.27329330056
A2_w1,2,262.95245311612274,60.57523205974353,225.95245311612274,23.575232059743527,668.9128468425131,754.2043916671162
A2_w1,3,355.60183863901244,59.55203038466366,318.60183863901244,22.55203038466366,694.2710996797589,753.9243400873487
A2_w1,4,364.7074737692744,229.51923892335483,327.7074737692744,192.51923892335483,696.7633234173879,800.4445779047941
A2_w1,5,444.02436591681334,144.73915750205802,407.02436591681334,107.73915750205802,718.4724561222663,777.2401634544426
A2_w1,6,223.23717488948594,178.14885144829563,186.23717488948594,141.14885144829563,658.0427254586665,786.3844385246143
A2_w1,7,354.8188480913389,325.67836552203846,317.8188480913389,288.67836552203846,694.0567941863656,826.7634512695366
A2_w1,8,92.8391120457333,125.15725905214833,55.8391120457333,88.15725905214833,622.3526123681484,771.8805733273888
A2_w1,9,100.93986752736237,250.6466357193269,63.93986752736237,213.6466357193269,624.5697992875922,806.2271728645061
A2_w1,10,243.7585586304554,412.5362900282614,206.7585586304554,375.5362900282614,663.659453886348,850.5365739741987
A2_w2,1,293.4879585316902,176.13558399429013,256.4879585316902,139.13558399429013,698.6191505876819,453.56008447721734
A2_w2,2,422.41720782200383,110.5754693684699,385.41720782200383,73.5754693684699,733.9072475693109,435.6161990068746
A2_w2,3,145.3370520138194,441.1291797373121,108.3370520138194,404.1291797373121,658.070061952667,526.0891634687048
A2_w2,4,128.81047799894387,335.6544582724211,91.81047799894387,298.6544582724211,653.5467179494935,497.22060012368416
A2_w2,5,348.08730155130775,437.9294212201848,311.08730155130775,400.9294212201848,713.5630591438473,525.2133855556889
A2_w2,6,294.2352125347858,271.3826094423205,257.2352125347858,234.38260944232047,698.8236749440736,479.62931461485294
A2_w2,7,70.03559870605429,119.85769173296939,33.03559870605429,82.85769173296939,637.4599598865436,438.1567548916447
A2_w2,8,235.94599135360062,106.95403242909876,198.94599135360062,69.95403242909876,682.8698421144596,434.62500718164625
A2_w2,9,437.9912096808914,319.6751415116817,400.9912096808914,282.6751415116817,738.1698713805378,492.84704111626735
A2_w2,10,444.6948935523254,439.1682896742527,407.6948935523254,402.1682896742527,740.0046780507968,525.5524654029327
A2_w3,1,56.98975417318766,354.14629437840625,19.989754173187663,317.14629437840625,757.3285606633319,594.519160828387
A2_w3,2,445.4639350219104,393.09160854039175,408.4639350219104,356.09160854039175,863.6544304260632,605.1785420835558
A2_w3,3,262.48730825557016,155.9916455023379,225.48730825557016,118.99164550233789,813.5734985487452,540.2839852930505
A2_w3,4,343.54547150023393,416.4167668122287,306.54547150023393,379.4167668122287,835.7592193334028,611.5626671113455
A2_w3,5,252.68188330579508,347.1661328447331,215.68188330579508,310.1661328447331,810.8897414612079,592.6086818757558
A2_w3,6,122.8510290705371,136.33093843957764,85.8510290705371,99.33093843957764,775.3548740771183,534.9028251499718
A2_w3,7,61.15762562231845,219.7806001028588,24.15762562231845,182.7806001028588,758.4693122981507,557.7431020465444
A2_w3,8,408.70895874950565,308.2836746506676,371.70895874950565,271.2836746506676,853.59454739411,581.9665043777177
A2_w3,9,173.9428854977313,306.0260997132895,136.9428854977313,269.0260997132895,789.3387791607086,581.3486032903229
A2_w3,10,334.31400204218994,258.4943695982038,297.31400204218994,221.49436959820378,833.2325545826845,568.3391092365032
A2_w4,1,85.78243041012192,55.83046313414777,48.78243041012192,18.83046313414777,203.3004813480419,258.0538784135429
A2_w4,2,298.2188991161076,377.20350872905374,261.2188991161076,340.20350872905374,261.4446088551491,346.01408343031505
A2_w4,3,406.7484373628032,267.05630560166276,369.7484373628032,230.05630560166276,291.14927937872545,315.86665600318133
A2_w4,4,389.54599262332096,354.3780598796928,352.54599262332096,317.3780598796928,286.4409487118721,339.7667294972151
A2_w4,5,167.62394509437448,455.11300476542243,130.62394509437448,418.11300476542243,225.700606402662,367.3380100571628
A2_w4,6,190.77346350161466,186.83736878978274,153.77346350161466,149.83736878978274,232.0366585795676,293.9106325440929
A2_w4,7,56.90363873029615,259.9958319090136,19.90363873029615,222.9958319090136,195.39631990198194,313.93419551206796
A2_w4,8,194.28834004187163,369.23665375944546,157.28834004187163,332.23665375944546,232.99868469011875,343.83354524868747
A2_w4,9,436.0402488650635,167.58408636252156,399.0402488650635,130.58408636252156,299.16648486738734,288.6409850339454
A2_w4,10,208.59558329038768,280.7684124343698,171.59558329038768,243.7684124343698,236.91459508339614,319.6196768141958
A3_w1,1,196.73181363002067,397.077502300517,159.73181363002067,360.077502300517,359.0226399987411,921.8470300342674
A3_w1,2,117.01809691847444,518.5835201045231,80.01809691847444,481.58352010452313,337.2048959137728,955.1033792623973
A3_w1,3,339.09568383971515,235.9812607377397,302.09568383971515,198.9812607377397,397.98780954942714,877.7547869867442
A3_w1,4,499.7712879955204,288.06589348177073,462.7712879955204,251.06589348177073,441.96492361192145,892.0104161914508
A3_w1,5,156.60269208310785,124.30989742718882,119.60269208310785,87.30989742718882,348.03924917990213,847.1901950088593
A3_w1,6,523.1805480513146,108.77462511304844,486.18054805131464,71.77462511304844,448.37206740329617,842.9381715225286
A3_w1,7,325.01050503751554,430.58395795451173,288.01050503751554,393.58395795451173,394.1326784731854,931.0177889050215
A3_w1,8,228.884938683047,227.05050188391908,191.884938683047,190.05050188391908,367.82299058931017,875.3104271049649
A3_w1,9,333.0247626135926,563.6128286953209,296.0247626135926,526.6128286953209,396.32619080756314,967.4279574113772
A3_w1,10,559.7907488305118,499.14280078882217,522.7907488305118,462.14280078882217,458.39232520146425,949.7824300411672
A3_w2,1,114.745865029579,92.19949648237287,77.745865029579,55.199496482372865,817.7497846452266,68.47991549802678
A3_w2,2,308.530706994291,191.29095007511552,271.530706994291,154.29095007511552,870.7889385568608,95.60137043303196
A3_w2,3,350.0576390402573,450.5131918498549,313.0576390402573,413.5131918498549,882.1549118596904,166.5508226162575
A3_w2,4,239.8250677526459,525.9214779840163,202.8250677526459,488.9214779840163,851.9841190602026,187.19016496074624
A3_w2,5,473.977400812038,134.26896674305343,436.977400812038,97.26896674305343,916.0719058343966,79.99438218961393
A3_w2,6,148.42643760569072,210.01507914267017,111.42643760569072,173.01507914267017,826.968199535601,100.72618800599868
A3_w2,7,550.658452630978,430.2079593576317,513.658452630978,393.2079593576317,937.0596057406223,160.99325505603184
A3_w2,8,532.205718688052,301.5971338018975,495.205718688052,264.5971338018975,932.0090693531193,125.79231104930145
A3_w2,9,181.65250528440876,413.81883445608014,144.65250528440876,376.81883445608014,836.0622158664078,156.50753104729498
A3_w2,10,89.85953406449124,320.2192556140373,52.85953406449124,283.2192556140373,810.938364696325,130.88920910872318
A3_w3,1,235.82868461610047,245.95238972137705,198.82868461610047,208.95238972137705,785.20200345274,181.72460049709227
A3_w3,2,389.9592642762656,69.51233965163499,352.9592642762656,32.51233965163499,827.3877361148103,133.43273784702177
A3_w3,3,90.2329808184639,455.5027862588638,53.2329808184639,418.5027862588638,745.3522770019902,239.078806437615
A3_w3,4,355.82293325489763,545.6774990288885,318.82293325489763,508.6774990288885,818.0445795672484,263.7597382435077
A3_w3,5,77.82925512701266,275.93777183269754,40.82925512701266,238.93777183269754,741.9573617477497,189.9316371299735
A3_w3,6,218.48612536965067,136.83977074810062,181.48612536965067,99.83977074810062,780.455323269872,151.86034004849148
A3_w3,7,547.0324894221012,176.4940941662834,510.0324894221012,139.4940941662834,870.3788745312186,162.713778024934
A3_w3,8,105.23080214591272,108.19986402954163,68.23080214591272,71.19986402954163,749.4571994802436,144.02156171547247
A3_w3,9,497.1078516608889,504.18339642942976,460.1078516608889,467.18339642942976,856.7144386581501,252.4027504012976
A3_w3,10,348.41445134791115,217.2186254724938,311.41445134791115,180.2186254724938,816.0168687920798,173.860133240491
A3_w4,1,304.8368525324698,469.4196151058329,267.8368525324698,432.4196151058329,319.9121102069935,355.3790745925511
A3_w4,2,532.5318155779933,143.4841165208597,495.53181557799326,106.48411652085969,382.2325067221891,266.1701204790935
A3_w4,3,179.98707939173744,306.2708561184142,142.98707939173744,269.2708561184142,285.74057095600415,310.7250549556511
A3_w4,4,527.995069797334,381.252525519166,490.99506979733405,344.252525519166,380.99079372091035,331.2476317659774
A3_w4,5,409.5278246654542,436.23300820103736,372.5278246654542,399.23300820103736,348.56616037842593,346.29585872498143
A3_w4,6,277.23114425225134,187.276490792045,240.23114425225134,150.276490792045,312.356393281617,278.1561481558519
A3_w4,7,508.1427700060082,252.54225840806836,471.1427700060082,215.54225840806836,375.55719440810253,296.01947048101897
A3_w4,8,105.06217675953971,433.3878744043535,68.06217675953971,396.3878744043535,265.2335312813169,345.51714204202756
A3_w4,9,83.85118626651062,80.54188877614452,46.851186266510624,43.54188877614452,259.42805662204074,248.94275392634216
A3_w4,10,215.01308817257802,59.43475572099614,178.01308817257802,22.434755720996137,295.3272334204272,243.16570517786877
A4_w1,1,60.89047984147504,173.99706732883283,23.89047984147504,136.99706732883283,272.1023971903653,621.7422931056011
A4_w1,2,158.35637947612355,128.99106255922612,121.35637947612355,91.99106255922612,298.7861269098948,609.4207727427898
A4_w1,3,194.66018997364847,232.502534249534,157.66018997364847,195.502534249534,308.7252037638122,637.7596291408588
A4_w1,4,139.09462025393276,191.34467909032298,102.09462025393276,154.34467909032298,293.5127381766637,626.4916360579374
A4_w1,5,102.55734341694202,225.08451902837794,65.55734341694202,188.08451902837794,283.5097440683602,635.7287617917791
A4_w1,6,199.45430571300471,100.45889827141974,162.45430571300471,63.45889827141974,310.0377129502318,601.6093785729013
A4_w1,7,98.84244721502813,119.83609289767274,61.84244721502813,82.83609289767274,282.49269824454325,606.9143706374883
A4_w1,8,213.4032180102153,187.58297417367305,176.4032180102153,150.58297417367305,313.8565768504822,625.4617751767803
A4_w1,9,66.60226917158047,60.155401636830675,29.602269171580474,23.155401636830675,273.66614249278126,590.5752875217679
A4_w1,10,131.4879741789556,66.93521922209986,94.4879741789556,29.93521922209986,291.430228409682,592.4314322931308
A4_w2,1,125.00398882757554,166.34418314915087,88.00398882757554,129.34418314915087,283.9057994608825,509.0420118699008
A4_w2,2,175.73833112064335,101.15453452061816,138.73833112064335,64.15453452061816,297.795595608263,491.19471377861555
A4_w2,3,118.47816082548457,111.00615250388024,81.47816082548457,74.00615250388024,282.1191906955946,493.891840799972
A4_w2,4,211.5170373015102,199.1733922720136,174.5170373015102,162.1733922720136,307.5909120114712,518.0298296238444
A4_w2,5,98.92768532520176,67.2660964414457,61.927685325201764,30.266096441445697,276.76675865430275,481.91690558404383
A4_w2,6,233.10163882443481,152.58299349552544,196.10163882443481,115.58299349552544,313.5002369682042,505.2745417422667
A4_w2,7,78.51266650333827,210.81778986420892,41.51266650333827,173.81778986420892,271.17763623811715,521.2177749386838
A4_w2,8,176.58162948773762,155.12078599503127,139.58162948773762,118.12078599503127,298.0264696450781,505.9693259631573
A4_w2,9,61.29791870083536,112.28682414676416,24.29791870083536,75.28682414676416,266.46466812030627,494.24245671903986
A4_w2,10,147.104318752139,62.943630319163596,110.104318752139,25.943630319163596,289.9563179768973,480.7335222862838
A4_w3,1,218.52011982658945,103.17041887558406,181.52011982658945,66.17041887558406,108.83108323310302,682.5678093710663
A4_w3,2,194.8065678952409,150.0131031285095,157.8065678952409,113.0131031285095,102.33890481174683,695.3921667168429
A4_w3,3,56.57613527214187,173.1443276717386,19.57613527214187,136.1443276717386,64.49486379889223,701.7249184393115
A4_w3,4,140.06923846453537,192.13433809350192,103.06923846453537,155.13433809350192,87.3531907356151,706.92390913621
A4_w3,5,67.02951486651357,223.79265974105675,30.029514866513566,186.79265974105675,67.35673812414291,715.591167134996
A4_w3,6,225.84571233060717,198.48873466109092,188.84571233060717,161.48873466109092,110.83664754990875,708.6635842551577
A4_w3,7,79.48525473662852,63.09467646593396,42.48525473662852,26.094676465933958,70.7668086964845,671.5960717399859
A4_w3,8,132.35540723895892,65.75864859674903,95.35540723895892,28.758648596749026,85.24133635067722,672.3254007933829
A4_w3,9,140.79478766841865,141.2100861524283,103.79478766841865,104.21008615242829,87.55182799159093,692.9821204690096
A4_w3,10,188.0114779503395,57.144309883336035,151.0114779503395,20.144309883336035,100.47857884964814,669.9670099428101
A4_w4,1,235.99250559606747,199.96830300821887,198.99250559606747,162.96830300821887,342.7642873603121,272.3974782615363
A4_w4,2,104.9528557463401,63.957798717808146,67.9528557463401,26.957798717808146,306.88890312604104,235.16119819736457
A4_w4,3,56.166789668038895,166.98665563424842,19.166789668038895,129.98665563424842,293.53249636026675,263.36792672063007
A4_w4,4,102.7997612114687,219.19955833013626,65.7997612114687,182.19955833013626,306.2994396024449,277.6625157885165
A4_w4,5,187.0985651438674,155.47874262166522,150.0985651438674,118.47874262166522,329.3783472844512,260.2173474758409
A4_w4,6,133.4741245038515,187.05160461689525,96.4741245038515,150.05160461689525,314.6973143717825,268.86120875564
A4_w4,7,174.98583039251133,203.44099767905954,137.98583039251133,166.44099767905954,326.0621829492211,273.34821535361175
A4_w4,8,80.72392492197571,120.8697031413896,43.72392492197571,83.8697031413896,300.2556268321373,250.74225661015413
A4_w4,9,145.9913410816114,94.11343764434736,108.99134108161141,57.11343764434736,318.1242157316815,243.41705918722653
A4_w4,10,232.6592367449751,74.26630913565876,195.6592367449751,37.26630913565876,341.85172157639704,237.98341095928419
A5_w1,1,472.3806578643491,741.9639412017656,436.3806578643491,705.9639412017656,833.9579143913481,220.57906158736785
A5_w1,2,571.6607841269326,422.22459835505254,535.6607841269326,386.22459835505254,861.1630051592426,132.96295782451404
A5_w1,3,863.1474017146194,265.930327026006,827.1474017146194,229.930327026006,941.0371973830307,90.13464970207448
A5_w1,4,310.00040271121554,618.110705909079,274.00040271121554,582.110705909079,789.461903491131,186.64036071260082
A5_w1,5,128.82423854813615,144.1604212671161,92.82423854813615,108.1604212671161,739.8153712335153,56.76683014263203
A5_w1,6,779.0523360725294,629.2320701847113,743.0523360725294,593.2320701847113,917.9931705465406,189.68787622221217
A5_w1,7,399.2316327559104,77.79433735495931,363.2316327559104,41.79433735495931,813.9133602336037,38.58096148282983
A5_w1,8,220.51178040592816,927.6065637686481,184.51178040592816,891.6065637686481,764.9399152125293,271.4495085483665
A5_w1,9,293.6077184746404,294.1079316579749,257.6077184746404,258.1079316579749,784.9699222721915,97.85597642165442
A5_w1,10,112.9492855209234,363.71006439245764,76.9492855209234,327.71006439245764,735.4652605487331,116.92859860660694
A5_w2,1,775.3497270257177,546.7172858228706,739.3497270257177,510.7172858228706,674.1937199743961,343.8220612106729
A5_w2,2,239.34078819601658,924.6499835491895,203.34078819601658,888.6499835491895,527.3146578477348,447.3845135649933
A5_w2,3,465.98260312103315,422.5758105627933,429.98260312103315,386.5758105627933,589.4198482715221,309.8043758022334
A5_w2,4,733.3049263062444,279.25762311071196,697.3049263062444,243.25762311071196,662.6724552162711,270.5318200037883
A5_w2,5,69.36115072949023,847.497695782542,33.361150729490234,811.497695782542,480.7362373717182,426.24297123767053
A5_w2,6,226.46798534612302,599.1927781119069,190.46798534612302,563.1927781119069,523.7872069554755,358.20158090464827
A5_w2,7,575.277947186738,181.452658066058,539.277947186738,145.452658066058,619.3693443867014,243.73095812179307
A5_w2,8,849.1285222887702,115.65755318513379,813.1285222887702,79.65755318513379,694.410845973698,225.70155115232114
A5_w2,9,525.7684465910178,878.9094202833576,489.7684465910178,842.9094202833576,605.8025762097827,434.85052290375705
A5_w2,10,301.1864655282218,252.73301692563646,265.1864655282218,216.73301692563646,544.2618287344287,263.2634537555517
A5_w3,1,325.80961499677204,628.7128121933367,289.80961499677204,592.7128121933367,639.7927751798056,382.18412968683947
A5_w3,2,79.80651476530588,395.07657380604496,43.80651476530588,359.07657380604496,572.3821369894438,318.1623026478144
A5_w3,3,476.8050204267924,470.5094624967137,440.8050204267924,434.5094624967137,681.1690693576958,338.83268916894366
A5_w3,4,499.0696555498394,230.79258375009368,463.0696555498394,194.79258375009368,687.2701032930728,273.14462358722255
A5_w3,5,261.7601662193732,167.65503445772927,225.76016621937322,131.65503445772927,622.241719059932,255.84344938425892
A5_w3,6,752.7772337872178,129.78649033142102,716.7772337872178,93.78649033142102,756.7919497520032,245.46657720463017
A5_w3,7,669.5111318398556,538.5643210869454,633.5111318398556,502.56432108694537,733.9750784743076,357.4813218292875
A5_w3,8,726.4341646713328,907.8069781887621,690.4341646713328,871.8069781887621,749.5733289324942,458.66249856615957
A5_w3,9,55.54477087852145,891.5259338862335,19.544770878521447,855.5259338862335,565.7338482586091,454.2011093161609
A5_w3,10,478.5811528215931,746.3263290882086,442.5811528215931,710.3263290882086,681.6557714282446,414.41300089308174
A5_w4,1,444.1495614340792,115.7507517069395,408.1495614340792,79.7507517069395,251.59458491472898,189.8300071644566
A5_w4,2,65.0539057017263,101.33318970341523,29.053905701726293,65.33318970341523,147.71345470105817,185.8792559141991
A5_w4,3,167.7680389729486,900.8777586974096,131.7680389729486,864.8777586974096,175.85954419532925,404.9732819927736
A5_w4,4,919.1742412059504,649.5538658478825,883.1742412059504,613.5538658478825,381.7625250320067,336.10462142088653
A5_w4,5,542.0686041789236,466.4932722668542,506.0686041789236,430.4932722668542,278.4267067709518,285.94171116002974
A5_w4,6,927.1698344569921,448.8072543232543,891.1698344569921,412.8072543232543,383.9535057280066,281.09532607178295
A5_w4,7,550.8702356133335,868.1939839591803,514.8702356133335,832.1939839591803,280.83856089617075,396.0171586288768
A5_w4,8,197.01206345263714,700.4471108515934,161.01206345263714,664.4471108515934,183.87309504723115,350.0505681266418
A5_w4,9,718.260967777714,631.172570937797,682.260967777714,595.172570937797,326.7075603995742,331.0677140831813
A5_w4,10,454.8914192112049,675.3809611998083,418.8914192112049,639.3809611998083,254.53810671353892,343.1818532876333
A6_w1,1,881.2952687942603,916.8064602773565,844.2952687942603,879.8064602773565,846.7057870699891,760.8689683704491
A6_w1,2,601.177965810143,381.1966962156656,564.177965810143,344.1966962156656,770.0064679950779,614.2128933769851
A6_w1,3,212.4025379511234,818.1493501849104,175.4025379511234,781.1493501849104,663.5553124535194,733.855524054879
A6_w1,4,500.09663729598583,693.1854204283758,463.09663729598583,656.1854204283758,742.3292449687557,699.638971849267
A6_w1,5,853.5534750463974,290.0045895531815,816.5534750463974,253.00458955318152,839.1097668751983,589.243452319587
A6_w1,6,585.8665239774598,896.3156092689946,548.8665239774598,859.3156092689946,765.8140202236937,755.258339170239
A6_w1,7,212.15733819871326,115.2006253719062,175.15733819871326,78.2006253719062,663.4881739588715,541.3801290565497
A6_w1,8,115.93086895378364,635.5009073503514,78.93086895378364,598.5009073503514,637.1402668876418,683.844292880424
A6_w1,9,515.5336380436452,175.9006304070704,478.53363804364517,138.9006304070704,746.5560722060989,558.0004841879311
A6_w1,10,891.70125324496,615.1949017886456,854.70125324496,578.1949017886456,849.5550645447121,678.2842764761444
A6_w2,1,930.1880653855993,351.38453435576434,893.1880653855993,314.38453435576434,384.4827410547329,439.57263377429535
A6_w2,2,136.79061628618516,494.45746327353305,99.79061628618516,457.45746327353305,167.24145158984376,478.7476369217027
A6_w2,3,273.1991235303106,230.78650676308018,236.1991235303106,193.78650676308018,204.59165991397128,406.5515154799331
A6_w2,4,344.991193817219,897.5416569651151,307.991193817219,860.5416569651151,224.24914928475914,589.1166960860235
A6_w2,5,419.52484402831357,384.7032489454788,382.52484402831357,347.7032489454788,244.657314572866,448.69567863535235
A6_w2,6,891.282056851691,811.543788644867,854.282056851691,774.543788644867,373.8298312534321,565.5694968527405
A6_w2,7,744.8228444724253,318.18020355312274,707.8228444724253,281.18020355312274,333.72762499174166,430.48090850145445
A6_w2,8,740.9888595421231,505.67207987000495,703.9888595421231,468.67207987000495,332.6778360984282,481.8183271199599
A6_w2,9,131.87921261251694,803.2014981512948,94.87921261251694,766.2014981512948,165.89665313055784,563.2852823698587
A6_w2,10,548.175776155593,110.28534551957719,511.175776155593,73.28534551957719,279.88341016709086,373.556920299082
A6_w3,1,151.4156163193926,306.90686982665744,114.4156163193926,269.90686982665744,266.2585096849107,457.51339809437866
A6_w3,2,533.876156484375,603.6385477558895,496.876156484375,566.6385477558895,370.98057680170064,538.7619229183465
A6_w3,3,507.0348919880711,421.06624427054476,470.0348919880711,384.06624427054476,363.6311318083193,488.7715395679186
A6_w3,4,57.33998249439373,848.2662917667869,20.33998249439373,811.2662917667869,240.4995259339953,605.7437951289733
A6_w3,5,282.33095308535974,661.848542634426,245.33095308535974,624.848542634426,302.1046251495512,554.7004848100087
A6_w3,6,707.7853798310645,820.4121826235433,670.7853798310645,783.4121826235433,418.5989097980528,598.1170216952515
A6_w3,7,483.101081199955,69.97433355155158,446.101081199955,32.97433355155158,357.07778087012196,392.63856171191236
A6_w3,8,754.9542253905412,343.2898097583645,717.9542253905412,306.2898097583645,431.514278814606,467.4754628757305
A6_w3,9,64.35618168702555,485.1037750618629,27.356181687025554,448.1037750618629,242.4206414625113,506.30574739659835
A6_w3,10,409.14453704687764,850.3625185486284,372.14453704687764,813.3625185486284,336.8276338165632,606.3177659800455
A6_w4,1,112.59143951845688,538.499182444846,75.59143951845688,501.49918244484604,243.85411489158804,829.5115009182248
A6_w4,2,773.3682900002234,575.7632363236311,736.3682900002234,538.7632363236311,424.7823687070605,839.7148247687178
A6_w4,3,562.6191303187501,811.3582465762242,525.6191303187501,774.3582465762242,367.07684009108897,904.2234312393621
A6_w4,4,529.3032726774699,624.781755648952,492.30327267746986,587.781755648952,357.95457749516584,853.1366556026584
A6_w4,5,884.2431716176469,336.82447721056343,847.2431716176469,299.82447721056343,455.14117850557545,774.2906616436871
A6_w4,6,65.2005272349401,68.79551931135445,28.200527234940097,31.795519311354454,230.87794146794673,700.9012696131882
A6_w4,7,199.65051595484553,751.5628122039652,162.65051595484553,714.5628122039652,267.6918850358346,887.850757894007
A6_w4,8,643.0980941831709,339.1153368038669,606.0980941831709,302.1153368038669,389.11290020768047,774.9179251830357
A6_w4,9,829.4287837457401,147.93122478872067,792.4287837457401,110.93122478872067,440.13237262141445,722.5695302310297
A6_w4,10,792.4735562352524,786.0816956587389,755.4735562352524,749.0816956587389,430.0136089602009,897.3024227072923
