win_id,archetype,roi_id,rater,method,n_manual,n_obj,n_obj_unkept,n_obj_in_excl,tp,tp_points,recall,precision,ghost_frac,density_obj_net,median_cost_um,frac_inside_mask
A1_w1,A1,r1,Luca,cellpose_rgb,162,154,2,0,132,132,0.8148148148148148,0.8571428571428571,0.1428571428571429,15423.785864831285,0.0,1.0
A1_w1,A1,r1,Luca,stardist_he,162,86,0,0,79,79,0.4876543209876543,0.9186046511627907,0.08139534883720934,8613.283015425262,0.0,0.9873417721518988
A1_w2,A1,r2,Luca,cellpose_rgb,95,92,0,0,70,70,0.7368421052631579,0.7608695652173914,0.23913043478260865,9214.209737431676,0.0,0.9857142857142858
A1_w2,A1,r2,Luca,stardist_he,95,38,0,0,33,33,0.3473684210526316,0.868421052631579,0.13157894736842102,3805.8692393739534,0.0,1.0
A1_w3,A1,r3,Luca,cellpose_rgb,142,147,5,0,125,127,0.8943661971830986,0.8503401360544217,0.1496598639455783,14722.704689157135,0.0,0.9921259842519685
A1_w3,A1,r3,Luca,stardist_he,142,64,0,0,58,58,0.4084507042253521,0.90625,0.09375,6409.885034735079,0.0,1.0
A1_w4,A1,r4,Luca,cellpose_rgb,97,99,1,0,77,79,0.8144329896907216,0.7777777777777778,0.2222222222222222,9915.290913105826,0.0,0.9873417721518988
A1_w4,A1,r4,Luca,stardist_he,97,38,0,0,32,34,0.35051546391752575,0.8421052631578947,0.1578947368421053,3805.8692393739534,0.0,1.0
A2_w1,A2,r2,Luca,cellpose_rgb,145,115,0,0,88,89,0.6137931034482759,0.7652173913043478,0.23478260869565215,8001.954001146961,0.0,1.0
A2_w1,A2,r2,Luca,stardist_he,145,31,0,0,30,30,0.20689655172413793,0.967741935483871,0.032258064516129004,2157.048469874398,0.0,1.0
A2_w1,A2,r2,Luca,spaceranger,145,86,0,0,64,65,0.4482758620689655,0.7441860465116279,0.2558139534883721,5984.069948683814,0.0,0.9846153846153847
A2_w2,A2,r3,Luca,cellpose_rgb,135,129,1,0,116,119,0.8814814814814815,0.8992248062015504,0.10077519379844957,8976.104923025721,0.0,1.0
A2_w2,A2,r3,Luca,stardist_he,135,88,0,0,79,81,0.6,0.8977272727272727,0.10227272727272729,6123.2343660950655,0.0,1.0
A2_w2,A2,r3,Luca,spaceranger,135,139,0,0,114,114,0.8444444444444444,0.8201438848920863,0.17985611510791366,9671.927010081978,0.0,1.0
A2_w3,A2,r4,Luca,cellpose_rgb,127,99,0,0,86,88,0.6929133858267716,0.8686868686868687,0.13131313131313127,6888.638661856949,0.0,1.0
A2_w3,A2,r4,Luca,stardist_he,127,49,0,0,39,39,0.30708661417322836,0.7959183673469388,0.20408163265306123,3409.5282265756614,0.0,1.0
A2_w3,A2,r4,Luca,spaceranger,127,116,0,0,86,87,0.6850393700787402,0.7413793103448276,0.2586206896551724,8071.536209852587,0.0,0.9770114942528736
A2_w4,A2,r5,Luca,cellpose_rgb,106,94,0,0,82,84,0.7924528301886793,0.8723404255319149,0.12765957446808507,6540.7276183288195,0.0,1.0
A2_w4,A2,r5,Luca,stardist_he,106,61,0,0,56,57,0.5377358490566038,0.9180327868852459,0.08196721311475408,4244.51473104317,0.0,1.0
A2_w4,A2,r5,Luca,spaceranger,106,110,0,0,87,88,0.8301886792452831,0.7909090909090909,0.2090909090909091,7654.042957618832,0.0,0.9886363636363636
A3_w1,A3,r1,Luca,cellpose_rgb,60,58,0,0,49,49,0.8166666666666667,0.8448275862068966,0.15517241379310343,2578.180431567611,0.0,1.0
A3_w1,A3,r1,Luca,stardist_he,60,38,0,0,36,36,0.6,0.9473684210526315,0.052631578947368474,1689.1526965442968,0.0,1.0
A3_w1,A3,r1,Luca,spaceranger,60,61,0,0,48,48,0.8,0.7868852459016393,0.21311475409836067,2711.534591821108,0.0,1.0
A3_w2,A3,r3,Luca,cellpose_rgb,104,81,0,0,63,63,0.6057692307692307,0.7777777777777778,0.2222222222222222,3600.562326844422,0.0,1.0
A3_w2,A3,r3,Luca,stardist_he,104,44,0,0,28,28,0.2692307692307692,0.6363636363636364,0.36363636363636365,1955.861017051291,0.0,1.0
A3_w2,A3,r3,Luca,spaceranger,104,53,0,0,28,28,0.2692307692307692,0.5283018867924528,0.4716981132075472,2355.923497811782,0.0,1.0
A3_w3,A3,r4,Luca,cellpose_rgb,78,85,1,0,61,62,0.7948717948717948,0.7176470588235294,0.2823529411764706,3778.367873849085,0.0,1.0
A3_w3,A3,r4,Luca,stardist_he,78,59,0,0,47,48,0.6153846153846154,0.7966101694915254,0.2033898305084746,2622.6318183187764,0.0,1.0
A3_w3,A3,r4,Luca,spaceranger,78,76,0,0,60,61,0.782051282051282,0.7894736842105263,0.21052631578947367,3378.3053930885935,0.0,1.0
A3_w4,A3,r5,Luca,cellpose_rgb,37,19,0,0,18,19,0.5135135135135135,0.9473684210526315,0.052631578947368474,844.5763482721484,0.0,1.0
A3_w4,A3,r5,Luca,stardist_he,37,11,0,0,11,12,0.32432432432432434,1.0,0.0,488.9652542628227,0.0,1.0
A3_w4,A3,r5,Luca,spaceranger,37,16,0,0,15,16,0.43243243243243246,0.9375,0.0625,711.2221880186512,0.0,0.9375
A4_w1,A4,f1,Luca,cellpose_rgb,67,62,0,0,52,52,0.7761194029850746,0.8387096774193549,0.16129032258064513,17247.088241788148,0.0,1.0
A4_w1,A4,f1,Luca,stardist_he,67,46,0,0,39,39,0.582089552238806,0.8478260869565217,0.15217391304347827,12796.226760036367,0.0,0.9743589743589743
A4_w1,A4,f1,Luca,spaceranger,67,76,0,0,60,60,0.8955223880597015,0.7894736842105263,0.21052631578947367,21141.592038320952,0.0,0.9666666666666667
A4_w2,A4,p1,Luca,cellpose_rgb,118,100,0,0,98,103,0.8728813559322034,0.98,0.020000000000000018,27817.884260948624,0.0,0.9902912621359223
A4_w2,A4,p1,Luca,stardist_he,118,96,0,0,95,99,0.8389830508474576,0.9895833333333334,0.01041666666666663,26705.16889051068,0.0,1.0
A4_w2,A4,p1,Luca,spaceranger,118,119,2,0,109,113,0.9576271186440678,0.9159663865546218,0.08403361344537819,33103.28227052886,0.0,1.0
A4_w3,A4,p2,Luca,cellpose_rgb,108,98,1,0,95,98,0.9074074074074074,0.9693877551020408,0.030612244897959218,27261.52657572965,0.0,0.9897959183673469
A4_w3,A4,p2,Luca,stardist_he,108,86,0,0,86,89,0.8240740740740741,1.0,0.0,23923.380464415815,0.0,0.9887640449438202
A4_w3,A4,p2,Luca,spaceranger,108,111,1,0,99,102,0.9444444444444444,0.8918918918918919,0.10810810810810811,30877.851529652973,0.0,0.9901960784313726
A4_w4,A4,p3,Luca,cellpose_rgb,111,90,0,0,87,93,0.8378378378378378,0.9666666666666667,0.033333333333333326,25036.09583485376,0.0,1.0
A4_w4,A4,p3,Luca,stardist_he,111,86,0,0,84,90,0.8108108108108109,0.9767441860465116,0.023255813953488413,23923.380464415815,0.0,1.0
A4_w4,A4,p3,Luca,spaceranger,111,111,1,0,101,106,0.954954954954955,0.9099099099099099,0.09009009009009006,30877.851529652973,0.0,0.9905660377358491
A5_w1,A5,r1,Luca,cellpose_rgb,104,77,0,0,71,72,0.6923076923076923,0.922077922077922,0.07792207792207795,1232.8928435335213,0.0,1.0
A5_w1,A5,r1,Luca,stardist_he,104,94,0,0,73,74,0.7115384615384616,0.776595744680851,0.22340425531914898,1505.08996483313,0.0,1.0
A5_w1,A5,r1,Luca,spaceranger,104,72,0,0,60,61,0.5865384615384616,0.8333333333333334,0.16666666666666663,1152.8348666806953,0.0,1.0
A5_w2,A5,r2,Luca,cellpose_rgb,50,50,0,0,45,45,0.9,0.9,0.09999999999999998,800.5797685282606,0.0,1.0
A5_w2,A5,r2,Luca,stardist_he,50,62,0,0,43,43,0.86,0.6935483870967742,0.30645161290322576,992.7189129750432,0.0,1.0
A5_w2,A5,r2,Luca,spaceranger,50,37,0,0,27,27,0.54,0.7297297297297297,0.2702702702702703,592.4290287109129,0.0,1.0
A5_w3,A5,r3,Luca,cellpose_rgb,58,42,0,0,34,34,0.5862068965517241,0.8095238095238095,0.19047619047619047,672.4870055637389,0.0,1.0
A5_w3,A5,r3,Luca,stardist_he,58,45,0,0,23,23,0.39655172413793105,0.5111111111111111,0.48888888888888893,720.5217916754345,0.0,1.0
A5_w3,A5,r3,Luca,spaceranger,58,11,0,0,5,5,0.08620689655172414,0.45454545454545453,0.5454545454545454,176.12754907621735,0.0,1.0
A5_w4,A5,r5,Luca,cellpose_rgb,84,84,0,0,76,76,0.9047619047619048,0.9047619047619048,0.09523809523809523,1344.9740111274778,0.0,1.0
A5_w4,A5,r5,Luca,stardist_he,84,106,0,0,71,71,0.8452380952380952,0.6698113207547169,0.33018867924528306,1697.2291092799126,0.0,1.0
A5_w4,A5,r5,Luca,spaceranger,84,82,0,0,60,60,0.7142857142857143,0.7317073170731707,0.2682926829268293,1312.9508203863475,0.0,1.0
A6_w1,A6,r2,Luca,cellpose_rgb,51,29,0,0,23,23,0.45098039215686275,0.7931034482758621,0.2068965517241379,464.03773528836984,0.0,0.9565217391304348
A6_w1,A6,r2,Luca,stardist_he,51,47,0,0,40,40,0.7843137254901961,0.851063829787234,0.14893617021276595,752.061157191496,0.0,0.975
A6_w1,A6,r2,Luca,spaceranger,51,58,0,0,45,45,0.8823529411764706,0.7758620689655172,0.22413793103448276,928.0754705767397,0.0,0.9555555555555556
A6_w2,A6,r3,Luca,cellpose_rgb,60,11,4,3,9,9,0.15,0.8181818181818182,0.18181818181818177,178.0648266250279,0.0,1.0
A6_w2,A6,r3,Luca,stardist_he,60,47,0,9,43,43,0.7166666666666667,0.9148936170212766,0.08510638297872342,760.8224410342101,0.0,0.9767441860465116
A6_w2,A6,r3,Luca,spaceranger,60,66,1,1,55,55,0.9166666666666666,0.8333333333333334,0.16666666666666663,1068.3889597501673,0.0,0.9454545454545454
A6_w3,A6,r4,Luca,cellpose_rgb,62,21,0,2,19,22,0.3548387096774194,0.9047619047619048,0.09523809523809523,342.66715976598,0.0,0.8636363636363636
A6_w3,A6,r4,Luca,stardist_he,62,59,0,7,47,48,0.7741935483870968,0.7966101694915254,0.2033898305084746,962.73154410442,0.0,0.9375
A6_w3,A6,r4,Luca,spaceranger,62,70,0,0,57,58,0.9354838709677419,0.8142857142857143,0.18571428571428572,1142.2238658866,0.0,0.8793103448275862
A6_w4,A6,r5,Luca,cellpose_rgb,69,58,0,0,47,47,0.6811594202898551,0.8103448275862069,0.18965517241379315,976.1936777451855,0.0,0.9787234042553191
A6_w4,A6,r5,Luca,stardist_he,69,49,0,6,41,41,0.5942028985507246,0.8367346938775511,0.16326530612244894,824.7153484398981,0.0,0.9512195121951219
A6_w4,A6,r5,Luca,spaceranger,69,70,0,0,57,57,0.8260869565217391,0.8142857142857143,0.18571428571428572,1178.1647834855687,0.0,1.0
A1_w1,A1,r1,model:deepseek_flash_nothink,cellpose_rgb,147,154,2,0,66,66,0.4489795918367347,0.42857142857142855,0.5714285714285714,15423.785864831285,0.0,0.5151515151515151
A1_w1,A1,r1,model:deepseek_flash_nothink,stardist_he,147,86,0,0,40,40,0.272108843537415,0.46511627906976744,0.5348837209302326,8613.283015425262,0.8968554487366469,0.5
A1_w2,A1,r2,model:deepseek_flash_nothink,cellpose_rgb,58,92,0,0,12,12,0.20689655172413793,0.13043478260869565,0.8695652173913043,9214.209737431676,2.358675678380883,0.3333333333333333
A1_w2,A1,r2,model:deepseek_flash_nothink,stardist_he,58,38,0,0,5,5,0.08620689655172414,0.13157894736842105,0.868421052631579,3805.8692393739534,2.1774810140679968,0.4
A1_w3,A1,r3,model:deepseek_flash_nothink,cellpose_rgb,154,147,5,0,66,67,0.43506493506493504,0.4489795918367347,0.5510204081632653,14722.704689157135,0.0,0.6716417910447762
A1_w3,A1,r3,model:deepseek_flash_nothink,stardist_he,154,64,0,0,32,32,0.2077922077922078,0.5,0.5,6409.885034735079,0.0,0.71875
A1_w4,A1,r4,model:deepseek_flash_nothink,cellpose_rgb,58,99,1,0,8,8,0.13793103448275862,0.08080808080808081,0.9191919191919192,9915.290913105826,0.8360489909621206,0.5
A1_w4,A1,r4,model:deepseek_flash_nothink,stardist_he,58,38,0,0,4,4,0.06896551724137931,0.10526315789473684,0.8947368421052632,3805.8692393739534,0.0,0.75
A2_w1,A2,r2,model:deepseek_flash_nothink,cellpose_rgb,68,115,0,0,17,18,0.2647058823529412,0.14782608695652175,0.8521739130434782,8001.954001146961,0.0,0.8888888888888888
A2_w1,A2,r2,model:deepseek_flash_nothink,stardist_he,68,31,0,0,11,12,0.17647058823529413,0.3548387096774194,0.6451612903225806,2157.048469874398,0.0,1.0
A2_w1,A2,r2,model:deepseek_flash_nothink,spaceranger,68,86,0,0,16,17,0.25,0.18604651162790697,0.813953488372093,5984.069948683814,0.0,1.0
A2_w2,A2,r3,model:deepseek_flash_nothink,cellpose_rgb,69,129,1,0,28,28,0.4057971014492754,0.21705426356589147,0.7829457364341086,8976.104923025721,0.0,0.8571428571428571
A2_w2,A2,r3,model:deepseek_flash_nothink,stardist_he,69,88,0,0,22,22,0.3188405797101449,0.25,0.75,6123.2343660950655,0.0,0.8181818181818182
A2_w2,A2,r3,model:deepseek_flash_nothink,spaceranger,69,139,0,0,27,27,0.391304347826087,0.19424460431654678,0.8057553956834532,9671.927010081978,0.0,0.9629629629629629
A2_w3,A2,r4,model:deepseek_flash_nothink,cellpose_rgb,69,99,0,0,20,20,0.2898550724637681,0.20202020202020202,0.797979797979798,6888.638661856949,0.0,1.0
A2_w3,A2,r4,model:deepseek_flash_nothink,stardist_he,69,49,0,0,7,7,0.10144927536231885,0.14285714285714285,0.8571428571428572,3409.5282265756614,0.0,1.0
A2_w3,A2,r4,model:deepseek_flash_nothink,spaceranger,69,116,0,0,25,25,0.36231884057971014,0.21551724137931033,0.7844827586206897,8071.536209852587,0.0,0.88
A2_w4,A2,r5,model:deepseek_flash_nothink,cellpose_rgb,123,94,0,0,34,35,0.2845528455284553,0.3617021276595745,0.6382978723404256,6540.7276183288195,0.0,0.9428571428571428
A2_w4,A2,r5,model:deepseek_flash_nothink,stardist_he,123,61,0,0,17,19,0.15447154471544716,0.2786885245901639,0.7213114754098361,4244.51473104317,0.0,0.9473684210526315
A2_w4,A2,r5,model:deepseek_flash_nothink,spaceranger,123,110,0,0,36,37,0.3008130081300813,0.32727272727272727,0.6727272727272727,7654.042957618832,0.0,0.8918918918918919
A3_w1,A3,r1,model:deepseek_flash_nothink,cellpose_rgb,68,58,0,0,7,7,0.10294117647058823,0.1206896551724138,0.8793103448275862,2578.180431567611,1.9294972188064083,0.42857142857142855
A3_w1,A3,r1,model:deepseek_flash_nothink,stardist_he,68,38,0,0,5,5,0.07352941176470588,0.13157894736842105,0.868421052631579,1689.1526965442968,0.0,0.8
A3_w1,A3,r1,model:deepseek_flash_nothink,spaceranger,68,61,0,0,7,7,0.10294117647058823,0.11475409836065574,0.8852459016393442,2711.534591821108,1.8526226231290859,0.42857142857142855
A3_w2,A3,r3,model:deepseek_flash_nothink,cellpose_rgb,42,81,0,0,12,12,0.2857142857142857,0.14814814814814814,0.8518518518518519,3600.562326844422,0.0,1.0
A3_w2,A3,r3,model:deepseek_flash_nothink,stardist_he,42,44,0,0,4,4,0.09523809523809523,0.09090909090909091,0.9090909090909091,1955.861017051291,0.0,1.0
A3_w2,A3,r3,model:deepseek_flash_nothink,spaceranger,42,53,0,0,3,3,0.07142857142857142,0.05660377358490566,0.9433962264150944,2355.923497811782,0.0,1.0
A3_w3,A3,r4,model:deepseek_flash_nothink,cellpose_rgb,93,85,1,0,10,10,0.10752688172043011,0.11764705882352941,0.8823529411764706,3778.367873849085,0.0,0.9
A3_w3,A3,r4,model:deepseek_flash_nothink,stardist_he,93,59,0,0,8,8,0.08602150537634409,0.13559322033898305,0.864406779661017,2622.6318183187764,0.0,0.875
A3_w3,A3,r4,model:deepseek_flash_nothink,spaceranger,93,76,0,0,10,10,0.10752688172043011,0.13157894736842105,0.868421052631579,3378.3053930885935,0.0,0.9
A3_w4,A3,r5,model:deepseek_flash_nothink,cellpose_rgb,24,19,0,0,7,7,0.2916666666666667,0.3684210526315789,0.631578947368421,844.5763482721484,0.0,0.8571428571428571
A3_w4,A3,r5,model:deepseek_flash_nothink,stardist_he,24,11,0,0,3,3,0.125,0.2727272727272727,0.7272727272727273,488.9652542628227,0.0,1.0
A3_w4,A3,r5,model:deepseek_flash_nothink,spaceranger,24,16,0,0,7,7,0.2916666666666667,0.4375,0.5625,711.2221880186512,0.0,0.8571428571428571
A4_w1,A4,f1,model:deepseek_flash_nothink,cellpose_rgb,72,62,0,0,31,33,0.4583333333333333,0.5,0.5,17247.088241788148,0.0,0.696969696969697
A4_w1,A4,f1,model:deepseek_flash_nothink,stardist_he,72,46,0,0,24,26,0.3611111111111111,0.5217391304347826,0.4782608695652174,12796.226760036367,0.0,0.7307692307692307
A4_w1,A4,f1,model:deepseek_flash_nothink,spaceranger,72,76,0,0,43,45,0.625,0.5657894736842105,0.4342105263157895,21141.592038320952,0.0,0.7111111111111111
A4_w2,A4,p1,model:deepseek_flash_nothink,cellpose_rgb,184,100,0,0,97,102,0.5543478260869565,0.97,0.030000000000000027,27817.884260948624,0.0,0.7647058823529411
A4_w2,A4,p1,model:deepseek_flash_nothink,stardist_he,184,96,0,0,94,98,0.532608695652174,0.9791666666666666,0.02083333333333337,26705.16889051068,0.0,0.8469387755102041
A4_w2,A4,p1,model:deepseek_flash_nothink,spaceranger,184,119,2,0,116,120,0.6521739130434783,0.9747899159663865,0.025210084033613467,33103.28227052886,0.0,0.8416666666666667
A4_w3,A4,p2,model:deepseek_flash_nothink,cellpose_rgb,184,98,1,0,94,95,0.5163043478260869,0.9591836734693877,0.04081632653061229,27261.52657572965,0.0,0.7263157894736842
A4_w3,A4,p2,model:deepseek_flash_nothink,stardist_he,184,86,0,0,81,82,0.44565217391304346,0.9418604651162791,0.05813953488372092,23923.380464415815,0.0,0.8170731707317073
A4_w3,A4,p2,model:deepseek_flash_nothink,spaceranger,184,111,1,0,106,107,0.5815217391304348,0.954954954954955,0.04504504504504503,30877.851529652973,0.0,0.8317757009345794
A4_w4,A4,p3,model:deepseek_flash_nothink,cellpose_rgb,138,90,0,0,82,84,0.6086956521739131,0.9111111111111111,0.0888888888888889,25036.09583485376,0.7191082401236033,0.5
A4_w4,A4,p3,model:deepseek_flash_nothink,stardist_he,138,86,0,0,82,84,0.6086956521739131,0.9534883720930233,0.046511627906976716,23923.380464415815,0.0,0.5952380952380952
A4_w4,A4,p3,model:deepseek_flash_nothink,spaceranger,138,111,1,0,102,102,0.7391304347826086,0.918918918918919,0.08108108108108103,30877.851529652973,0.0,0.6862745098039216
A5_w1,A5,r1,model:deepseek_flash_nothink,cellpose_rgb,112,77,0,0,7,7,0.0625,0.09090909090909091,0.9090909090909091,1232.8928435335213,0.0,1.0
A5_w1,A5,r1,model:deepseek_flash_nothink,stardist_he,112,94,0,0,9,9,0.08035714285714286,0.09574468085106383,0.9042553191489362,1505.08996483313,0.0,1.0
A5_w1,A5,r1,model:deepseek_flash_nothink,spaceranger,112,72,0,0,5,5,0.044642857142857144,0.06944444444444445,0.9305555555555556,1152.8348666806953,0.0,1.0
A5_w2,A5,r2,model:deepseek_flash_nothink,cellpose_rgb,61,50,0,0,18,18,0.29508196721311475,0.36,0.64,800.5797685282606,0.0,1.0
A5_w2,A5,r2,model:deepseek_flash_nothink,stardist_he,61,62,0,0,17,17,0.2786885245901639,0.27419354838709675,0.7258064516129032,992.7189129750432,0.0,1.0
A5_w2,A5,r2,model:deepseek_flash_nothink,spaceranger,61,37,0,0,12,12,0.19672131147540983,0.32432432432432434,0.6756756756756757,592.4290287109129,0.0,1.0
A5_w3,A5,r3,model:deepseek_flash_nothink,cellpose_rgb,58,42,0,0,15,15,0.25862068965517243,0.35714285714285715,0.6428571428571428,672.4870055637389,0.0,1.0
A5_w3,A5,r3,model:deepseek_flash_nothink,stardist_he,58,45,0,0,11,11,0.1896551724137931,0.24444444444444444,0.7555555555555555,720.5217916754345,0.0,0.9090909090909091
A5_w3,A5,r3,model:deepseek_flash_nothink,spaceranger,58,11,0,0,4,4,0.06896551724137931,0.36363636363636365,0.6363636363636364,176.12754907621735,0.0,0.75
A5_w4,A5,r5,model:deepseek_flash_nothink,cellpose_rgb,111,84,0,0,17,17,0.15315315315315314,0.20238095238095238,0.7976190476190477,1344.9740111274778,0.0,1.0
A5_w4,A5,r5,model:deepseek_flash_nothink,stardist_he,111,106,0,0,17,17,0.15315315315315314,0.16037735849056603,0.839622641509434,1697.2291092799126,0.0,0.8823529411764706
A5_w4,A5,r5,model:deepseek_flash_nothink,spaceranger,111,82,0,0,17,17,0.15315315315315314,0.2073170731707317,0.7926829268292683,1312.9508203863475,0.0,0.8823529411764706
A6_w1,A6,r2,model:deepseek_flash_nothink,cellpose_rgb,70,29,0,0,4,4,0.05714285714285714,0.13793103448275862,0.8620689655172413,464.03773528836984,0.0,0.75
A6_w1,A6,r2,model:deepseek_flash_nothink,stardist_he,70,47,0,0,2,2,0.02857142857142857,0.0425531914893617,0.9574468085106383,752.061157191496,0.0,1.0
A6_w1,A6,r2,model:deepseek_flash_nothink,spaceranger,70,58,0,0,3,3,0.04285714285714286,0.05172413793103448,0.9482758620689655,928.0754705767397,0.0,0.6666666666666666
A6_w2,A6,r3,model:deepseek_flash_nothink,cellpose_rgb,69,14,4,0,0,0,0.0,0.0,1.0,224.01821703576476,,
A6_w2,A6,r3,model:deepseek_flash_nothink,stardist_he,69,56,0,0,2,2,0.028985507246376812,0.03571428571428571,0.9642857142857143,896.072868143059,0.0,1.0
A6_w2,A6,r3,model:deepseek_flash_nothink,spaceranger,69,67,1,0,2,2,0.028985507246376812,0.029850746268656716,0.9701492537313433,1072.0871815283028,0.0,1.0
A6_w3,A6,r4,model:deepseek_flash_nothink,cellpose_rgb,69,23,0,0,0,0,0.0,0.0,1.0,368.0299279873278,,
A6_w3,A6,r4,model:deepseek_flash_nothink,stardist_he,69,66,0,0,4,4,0.057971014492753624,0.06060606060606061,0.9393939393939394,1056.0858803114625,1.428713778681386,0.5
A6_w3,A6,r4,model:deepseek_flash_nothink,spaceranger,69,70,0,0,4,4,0.057971014492753624,0.05714285714285714,0.9428571428571428,1120.0910851788237,0.0,0.75
A6_w4,A6,r5,model:deepseek_flash_nothink,cellpose_rgb,68,58,0,0,6,6,0.08823529411764706,0.10344827586206896,0.896551724137931,928.0754705767397,0.0,0.6666666666666666
A6_w4,A6,r5,model:deepseek_flash_nothink,stardist_he,68,55,0,0,7,7,0.10294117647058823,0.12727272727272726,0.8727272727272728,880.0715669262187,0.0,0.7142857142857143
A6_w4,A6,r5,model:deepseek_flash_nothink,spaceranger,68,70,0,0,10,10,0.14705882352941177,0.14285714285714285,0.8571428571428572,1120.0910851788237,0.0,0.9
A1_w1,A1,r1,model:deepseek_flash_think,cellpose_rgb,195,154,2,0,80,80,0.41025641025641024,0.5194805194805194,0.48051948051948057,15423.785864831285,0.0,0.6
A1_w1,A1,r1,model:deepseek_flash_think,stardist_he,195,86,0,0,39,39,0.2,0.45348837209302323,0.5465116279069768,8613.283015425262,0.0,0.5897435897435898
A1_w2,A1,r2,model:deepseek_flash_think,cellpose_rgb,110,92,0,0,24,24,0.21818181818181817,0.2608695652173913,0.7391304347826086,9214.209737431676,0.78736574340853,0.5
A1_w2,A1,r2,model:deepseek_flash_think,stardist_he,110,38,0,0,10,10,0.09090909090909091,0.2631578947368421,0.736842105263158,3805.8692393739534,0.0,0.6
A1_w3,A1,r3,model:deepseek_flash_think,cellpose_rgb,230,147,5,0,86,87,0.3782608695652174,0.5850340136054422,0.41496598639455784,14722.704689157135,0.0,0.6436781609195402
A1_w3,A1,r3,model:deepseek_flash_think,stardist_he,230,64,0,0,44,44,0.19130434782608696,0.6875,0.3125,6409.885034735079,0.0,0.6363636363636364
A1_w4,A1,r4,model:deepseek_flash_think,cellpose_rgb,162,99,1,0,31,31,0.19135802469135801,0.31313131313131315,0.6868686868686869,9915.290913105826,0.0,0.6129032258064516
A1_w4,A1,r4,model:deepseek_flash_think,stardist_he,162,38,0,0,13,13,0.08024691358024691,0.34210526315789475,0.6578947368421053,3805.8692393739534,0.0,0.6923076923076923
A2_w1,A2,r2,model:deepseek_flash_think,cellpose_rgb,139,115,0,0,40,40,0.28776978417266186,0.34782608695652173,0.6521739130434783,8001.954001146961,0.0,0.775
A2_w1,A2,r2,model:deepseek_flash_think,stardist_he,139,31,0,0,12,12,0.08633093525179857,0.3870967741935484,0.6129032258064516,2157.048469874398,0.0,0.8333333333333334
A2_w1,A2,r2,model:deepseek_flash_think,spaceranger,139,86,0,0,24,24,0.17266187050359713,0.27906976744186046,0.7209302325581395,5984.069948683814,0.0,0.9583333333333334
A2_w2,A2,r3,model:deepseek_flash_think,cellpose_rgb,200,129,1,0,74,79,0.395,0.5736434108527132,0.4263565891472868,8976.104923025721,0.0,0.810126582278481
A2_w2,A2,r3,model:deepseek_flash_think,stardist_he,200,88,0,0,48,50,0.25,0.5454545454545454,0.4545454545454546,6123.2343660950655,0.0,0.8
A2_w2,A2,r3,model:deepseek_flash_think,spaceranger,200,139,0,0,86,87,0.435,0.6187050359712231,0.38129496402877694,9671.927010081978,0.0,0.8505747126436781
A2_w3,A2,r4,model:deepseek_flash_think,cellpose_rgb,100,99,0,0,42,42,0.42,0.42424242424242425,0.5757575757575757,6888.638661856949,0.0,0.9285714285714286
A2_w3,A2,r4,model:deepseek_flash_think,stardist_he,100,49,0,0,18,18,0.18,0.3673469387755102,0.6326530612244898,3409.5282265756614,0.0,0.9444444444444444
A2_w3,A2,r4,model:deepseek_flash_think,spaceranger,100,116,0,0,40,40,0.4,0.3448275862068966,0.6551724137931034,8071.536209852587,0.0,0.95
A2_w4,A2,r5,model:deepseek_flash_think,cellpose_rgb,250,94,0,0,45,46,0.184,0.4787234042553192,0.5212765957446808,6540.7276183288195,0.0,0.9565217391304348
A2_w4,A2,r5,model:deepseek_flash_think,stardist_he,250,61,0,0,32,34,0.136,0.5245901639344263,0.47540983606557374,4244.51473104317,0.0,0.9705882352941176
A2_w4,A2,r5,model:deepseek_flash_think,spaceranger,250,110,0,0,55,59,0.236,0.5,0.5,7654.042957618832,0.0,0.8983050847457628
A3_w1,A3,r1,model:deepseek_flash_think,cellpose_rgb,91,58,0,0,5,5,0.054945054945054944,0.08620689655172414,0.9137931034482758,2578.180431567611,0.0,0.8
A3_w1,A3,r1,model:deepseek_flash_think,stardist_he,91,38,0,0,3,3,0.03296703296703297,0.07894736842105263,0.9210526315789473,1689.1526965442968,0.0,1.0
A3_w1,A3,r1,model:deepseek_flash_think,spaceranger,91,61,0,0,4,4,0.04395604395604396,0.06557377049180328,0.9344262295081968,2711.534591821108,0.0,1.0
A3_w2,A3,r3,model:deepseek_flash_think,cellpose_rgb,28,81,0,0,12,12,0.42857142857142855,0.14814814814814814,0.8518518518518519,3600.562326844422,0.0,0.9166666666666666
A3_w2,A3,r3,model:deepseek_flash_think,stardist_he,28,44,0,0,5,5,0.17857142857142858,0.11363636363636363,0.8863636363636364,1955.861017051291,0.0,1.0
A3_w2,A3,r3,model:deepseek_flash_think,spaceranger,28,53,0,0,7,7,0.25,0.1320754716981132,0.8679245283018868,2355.923497811782,0.0,0.7142857142857143
A3_w3,A3,r4,model:deepseek_flash_think,cellpose_rgb,185,85,1,0,27,27,0.14594594594594595,0.3176470588235294,0.6823529411764706,3778.367873849085,0.0,0.9259259259259259
A3_w3,A3,r4,model:deepseek_flash_think,stardist_he,185,59,0,0,19,19,0.10270270270270271,0.3220338983050847,0.6779661016949152,2622.6318183187764,0.0,0.9473684210526315
A3_w3,A3,r4,model:deepseek_flash_think,spaceranger,185,76,0,0,24,24,0.12972972972972974,0.3157894736842105,0.6842105263157895,3378.3053930885935,0.0,0.875
A3_w4,A3,r5,model:deepseek_flash_think,cellpose_rgb,42,19,0,0,2,2,0.047619047619047616,0.10526315789473684,0.8947368421052632,844.5763482721484,0.0,1.0
A3_w4,A3,r5,model:deepseek_flash_think,stardist_he,42,11,0,0,0,0,0.0,0.0,1.0,488.9652542628227,,
A3_w4,A3,r5,model:deepseek_flash_think,spaceranger,42,16,0,0,0,0,0.0,0.0,1.0,711.2221880186512,,
A4_w1,A4,f1,model:deepseek_flash_think,cellpose_rgb,98,62,0,0,44,45,0.45918367346938777,0.7096774193548387,0.29032258064516125,17247.088241788148,0.0,0.7333333333333333
A4_w1,A4,f1,model:deepseek_flash_think,stardist_he,98,46,0,0,33,34,0.3469387755102041,0.717391304347826,0.28260869565217395,12796.226760036367,0.0,0.7352941176470589
A4_w1,A4,f1,model:deepseek_flash_think,spaceranger,98,76,0,0,55,57,0.5816326530612245,0.7236842105263158,0.2763157894736842,21141.592038320952,0.0,0.8245614035087719
A4_w2,A4,p1,model:deepseek_flash_think,cellpose_rgb,253,100,0,0,98,106,0.4189723320158103,0.98,0.020000000000000018,27817.884260948624,0.0,0.7641509433962265
A4_w2,A4,p1,model:deepseek_flash_think,stardist_he,253,96,0,0,94,100,0.3952569169960474,0.9791666666666666,0.02083333333333337,26705.16889051068,0.0,0.8
A4_w2,A4,p1,model:deepseek_flash_think,spaceranger,253,119,2,0,116,128,0.5059288537549407,0.9747899159663865,0.025210084033613467,33103.28227052886,0.0,0.8203125
A4_w3,A4,p2,model:deepseek_flash_think,cellpose_rgb,193,98,1,0,94,99,0.5129533678756477,0.9591836734693877,0.04081632653061229,27261.52657572965,0.0,0.5959595959595959
A4_w3,A4,p2,model:deepseek_flash_think,stardist_he,193,86,0,0,84,86,0.44559585492227977,0.9767441860465116,0.023255813953488413,23923.380464415815,0.0,0.813953488372093
A4_w3,A4,p2,model:deepseek_flash_think,spaceranger,193,111,1,0,108,111,0.5751295336787565,0.972972972972973,0.027027027027026973,30877.851529652973,0.0,0.7657657657657657
A4_w4,A4,p3,model:deepseek_flash_think,cellpose_rgb,150,90,0,0,73,75,0.5,0.8111111111111111,0.18888888888888888,25036.09583485376,0.0,0.5866666666666667
A4_w4,A4,p3,model:deepseek_flash_think,stardist_he,150,86,0,0,69,70,0.4666666666666667,0.8023255813953488,0.19767441860465118,23923.380464415815,0.0,0.6857142857142857
A4_w4,A4,p3,model:deepseek_flash_think,spaceranger,150,111,1,0,93,95,0.6333333333333333,0.8378378378378378,0.16216216216216217,30877.851529652973,0.0,0.7052631578947368
A5_w1,A5,r1,model:deepseek_flash_think,cellpose_rgb,301,77,0,0,33,33,0.10963455149501661,0.42857142857142855,0.5714285714285714,1232.8928435335213,0.0,1.0
A5_w1,A5,r1,model:deepseek_flash_think,stardist_he,301,94,0,0,38,38,0.12624584717607973,0.40425531914893614,0.5957446808510638,1505.08996483313,0.0,1.0
A5_w1,A5,r1,model:deepseek_flash_think,spaceranger,301,72,0,0,26,26,0.08637873754152824,0.3611111111111111,0.6388888888888888,1152.8348666806953,0.0,0.9615384615384616
A5_w2,A5,r2,model:deepseek_flash_think,cellpose_rgb,98,50,0,0,7,7,0.07142857142857142,0.14,0.86,800.5797685282606,0.0,1.0
A5_w2,A5,r2,model:deepseek_flash_think,stardist_he,98,62,0,0,7,7,0.07142857142857142,0.11290322580645161,0.8870967741935484,992.7189129750432,0.0,1.0
A5_w2,A5,r2,model:deepseek_flash_think,spaceranger,98,37,0,0,4,4,0.04081632653061224,0.10810810810810811,0.8918918918918919,592.4290287109129,0.0,1.0
A5_w3,A5,r3,model:deepseek_flash_think,cellpose_rgb,139,42,0,0,9,9,0.06474820143884892,0.21428571428571427,0.7857142857142857,672.4870055637389,0.0,1.0
A5_w3,A5,r3,model:deepseek_flash_think,stardist_he,139,45,0,0,7,7,0.050359712230215826,0.15555555555555556,0.8444444444444444,720.5217916754345,0.0,1.0
A5_w3,A5,r3,model:deepseek_flash_think,spaceranger,139,11,0,0,3,3,0.02158273381294964,0.2727272727272727,0.7272727272727273,176.12754907621735,0.0,1.0
A5_w4,A5,r5,model:deepseek_flash_think,cellpose_rgb,194,84,0,0,25,25,0.12886597938144329,0.2976190476190476,0.7023809523809523,1344.9740111274778,0.0,1.0
A5_w4,A5,r5,model:deepseek_flash_think,stardist_he,194,106,0,0,22,22,0.1134020618556701,0.20754716981132076,0.7924528301886793,1697.2291092799126,0.0,1.0
A5_w4,A5,r5,model:deepseek_flash_think,spaceranger,194,82,0,0,19,19,0.0979381443298969,0.23170731707317074,0.7682926829268293,1312.9508203863475,0.0,1.0
A6_w1,A6,r2,model:deepseek_flash_think,cellpose_rgb,107,29,0,0,1,1,0.009345794392523364,0.034482758620689655,0.9655172413793104,464.03773528836984,0.0,1.0
A6_w1,A6,r2,model:deepseek_flash_think,stardist_he,107,47,0,0,2,2,0.018691588785046728,0.0425531914893617,0.9574468085106383,752.061157191496,1.2937106275916255,0.5
A6_w1,A6,r2,model:deepseek_flash_think,spaceranger,107,58,0,0,4,4,0.037383177570093455,0.06896551724137931,0.9310344827586207,928.0754705767397,0.0,1.0
A6_w2,A6,r3,model:deepseek_flash_think,cellpose_rgb,146,14,4,0,2,2,0.0136986301369863,0.14285714285714285,0.8571428571428572,224.01821703576476,0.0,1.0
A6_w2,A6,r3,model:deepseek_flash_think,stardist_he,146,56,0,0,1,1,0.00684931506849315,0.017857142857142856,0.9821428571428571,896.072868143059,2.41296708779494,0.0
A6_w2,A6,r3,model:deepseek_flash_think,spaceranger,146,67,1,0,1,1,0.00684931506849315,0.014925373134328358,0.9850746268656716,1072.0871815283028,1.8742467332009187,0.0
A6_w3,A6,r4,model:deepseek_flash_think,cellpose_rgb,0,23,0,0,0,0,,0.0,1.0,368.0299279873278,,
A6_w3,A6,r4,model:deepseek_flash_think,stardist_he,0,66,0,0,0,0,,0.0,1.0,1056.0858803114625,,
A6_w3,A6,r4,model:deepseek_flash_think,spaceranger,0,70,0,0,0,0,,0.0,1.0,1120.0910851788237,,
A6_w4,A6,r5,model:deepseek_flash_think,cellpose_rgb,256,58,0,0,5,5,0.01953125,0.08620689655172414,0.9137931034482758,928.0754705767397,0.0,1.0
A6_w4,A6,r5,model:deepseek_flash_think,stardist_he,256,55,0,0,7,7,0.02734375,0.12727272727272726,0.8727272727272728,880.0715669262187,0.0,1.0
A6_w4,A6,r5,model:deepseek_flash_think,spaceranger,256,70,0,0,8,8,0.03125,0.11428571428571428,0.8857142857142857,1120.0910851788237,0.0,0.75
A1_w1,A1,r1,model:gpt6_astra,cellpose_rgb,145,154,2,0,115,115,0.7931034482758621,0.7467532467532467,0.2532467532467533,15423.785864831285,0.0,0.8434782608695652
A1_w1,A1,r1,model:gpt6_astra,stardist_he,145,86,0,0,74,75,0.5172413793103449,0.8604651162790697,0.13953488372093026,8613.283015425262,0.0,0.9066666666666666
A1_w2,A1,r2,model:gpt6_astra,cellpose_rgb,145,92,0,0,68,68,0.4689655172413793,0.7391304347826086,0.26086956521739135,9214.209737431676,0.0,0.7794117647058824
A1_w2,A1,r2,model:gpt6_astra,stardist_he,145,38,0,0,30,30,0.20689655172413793,0.7894736842105263,0.21052631578947367,3805.8692393739534,0.0,0.8666666666666667
A1_w3,A1,r3,model:gpt6_astra,cellpose_rgb,183,147,5,0,111,113,0.6174863387978142,0.7551020408163265,0.24489795918367352,14722.704689157135,0.0,0.8584070796460177
A1_w3,A1,r3,model:gpt6_astra,stardist_he,183,64,0,0,51,51,0.2786885245901639,0.796875,0.203125,6409.885034735079,0.0,0.9019607843137255
A1_w4,A1,r4,model:gpt6_astra,cellpose_rgb,166,99,1,0,84,86,0.5180722891566265,0.8484848484848485,0.1515151515151515,9915.290913105826,0.0,0.7325581395348837
A1_w4,A1,r4,model:gpt6_astra,stardist_he,166,38,0,0,32,33,0.19879518072289157,0.8421052631578947,0.1578947368421053,3805.8692393739534,0.0,0.9393939393939394
A2_w1,A2,r2,model:gpt6_astra,cellpose_rgb,155,115,0,0,64,67,0.432258064516129,0.5565217391304348,0.4434782608695652,8001.954001146961,0.0,0.8955223880597015
A2_w1,A2,r2,model:gpt6_astra,stardist_he,155,31,0,0,26,27,0.17419354838709677,0.8387096774193549,0.16129032258064513,2157.048469874398,0.0,1.0
A2_w1,A2,r2,model:gpt6_astra,spaceranger,155,86,0,0,52,54,0.34838709677419355,0.6046511627906976,0.39534883720930236,5984.069948683814,0.0,0.9444444444444444
A2_w2,A2,r3,model:gpt6_astra,cellpose_rgb,135,129,1,0,91,93,0.6888888888888889,0.7054263565891473,0.2945736434108527,8976.104923025721,0.0,0.967741935483871
A2_w2,A2,r3,model:gpt6_astra,stardist_he,135,88,0,0,63,64,0.4740740740740741,0.7159090909090909,0.28409090909090906,6123.2343660950655,0.0,0.96875
A2_w2,A2,r3,model:gpt6_astra,spaceranger,135,139,0,0,90,90,0.6666666666666666,0.6474820143884892,0.3525179856115108,9671.927010081978,0.0,1.0
A2_w3,A2,r4,model:gpt6_astra,cellpose_rgb,159,99,0,0,70,70,0.44025157232704404,0.7070707070707071,0.29292929292929293,6888.638661856949,0.0,0.9571428571428572
A2_w3,A2,r4,model:gpt6_astra,stardist_he,159,49,0,0,32,32,0.20125786163522014,0.6530612244897959,0.34693877551020413,3409.5282265756614,0.0,0.9375
A2_w3,A2,r4,model:gpt6_astra,spaceranger,159,116,0,0,73,73,0.4591194968553459,0.6293103448275862,0.3706896551724138,8071.536209852587,0.0,0.9178082191780822
A2_w4,A2,r5,model:gpt6_astra,cellpose_rgb,133,94,0,0,74,79,0.5939849624060151,0.7872340425531915,0.21276595744680848,6540.7276183288195,0.0,0.9620253164556962
A2_w4,A2,r5,model:gpt6_astra,stardist_he,133,61,0,0,51,55,0.41353383458646614,0.8360655737704918,0.16393442622950816,4244.51473104317,0.0,0.9818181818181818
A2_w4,A2,r5,model:gpt6_astra,spaceranger,133,110,0,0,81,86,0.6466165413533834,0.7363636363636363,0.26363636363636367,7654.042957618832,0.0,0.9418604651162791
A3_w1,A3,r1,model:gpt6_astra,cellpose_rgb,83,58,0,0,49,49,0.5903614457831325,0.8448275862068966,0.15517241379310343,2578.180431567611,0.0,1.0
A3_w1,A3,r1,model:gpt6_astra,stardist_he,83,38,0,0,38,38,0.4578313253012048,1.0,0.0,1689.1526965442968,0.0,1.0
A3_w1,A3,r1,model:gpt6_astra,spaceranger,83,61,0,0,48,49,0.5903614457831325,0.7868852459016393,0.21311475409836067,2711.534591821108,0.0,0.9387755102040817
A3_w2,A3,r3,model:gpt6_astra,cellpose_rgb,121,81,0,0,50,50,0.4132231404958678,0.6172839506172839,0.3827160493827161,3600.562326844422,0.0,0.94
A3_w2,A3,r3,model:gpt6_astra,stardist_he,121,44,0,0,28,28,0.23140495867768596,0.6363636363636364,0.36363636363636365,1955.861017051291,0.0,0.9285714285714286
A3_w2,A3,r3,model:gpt6_astra,spaceranger,121,53,0,0,35,35,0.2892561983471074,0.660377358490566,0.339622641509434,2355.923497811782,0.0,0.9428571428571428
A3_w3,A3,r4,model:gpt6_astra,cellpose_rgb,170,85,1,0,65,65,0.38235294117647056,0.7647058823529411,0.23529411764705888,3778.367873849085,0.0,0.9384615384615385
A3_w3,A3,r4,model:gpt6_astra,stardist_he,170,59,0,0,44,44,0.25882352941176473,0.7457627118644068,0.2542372881355932,2622.6318183187764,0.0,0.9545454545454546
A3_w3,A3,r4,model:gpt6_astra,spaceranger,170,76,0,0,61,61,0.3588235294117647,0.8026315789473685,0.19736842105263153,3378.3053930885935,0.0,0.9180327868852459
A3_w4,A3,r5,model:gpt6_astra,cellpose_rgb,37,19,0,0,16,16,0.43243243243243246,0.8421052631578947,0.1578947368421053,844.5763482721484,0.0,1.0
A3_w4,A3,r5,model:gpt6_astra,stardist_he,37,11,0,0,11,11,0.2972972972972973,1.0,0.0,488.9652542628227,0.0,1.0
A3_w4,A3,r5,model:gpt6_astra,spaceranger,37,16,0,0,14,14,0.3783783783783784,0.875,0.125,711.2221880186512,0.0,0.9285714285714286
A4_w1,A4,f1,model:gpt6_astra,cellpose_rgb,80,62,0,0,57,60,0.75,0.9193548387096774,0.08064516129032262,17247.088241788148,0.0,0.95
A4_w1,A4,f1,model:gpt6_astra,stardist_he,80,46,0,0,43,46,0.575,0.9347826086956522,0.06521739130434778,12796.226760036367,0.0,0.9347826086956522
A4_w1,A4,f1,model:gpt6_astra,spaceranger,80,76,0,0,66,68,0.85,0.868421052631579,0.13157894736842102,21141.592038320952,0.0,0.9264705882352942
A4_w2,A4,p1,model:gpt6_astra,cellpose_rgb,123,100,0,0,95,99,0.8048780487804879,0.95,0.050000000000000044,27817.884260948624,0.0,0.8686868686868687
A4_w2,A4,p1,model:gpt6_astra,stardist_he,123,96,0,0,91,94,0.7642276422764228,0.9479166666666666,0.05208333333333337,26705.16889051068,0.0,0.925531914893617
A4_w2,A4,p1,model:gpt6_astra,spaceranger,123,119,2,0,105,111,0.9024390243902439,0.8823529411764706,0.11764705882352944,33103.28227052886,0.0,0.8828828828828829
A4_w3,A4,p2,model:gpt6_astra,cellpose_rgb,119,98,1,0,92,93,0.7815126050420168,0.9387755102040817,0.061224489795918324,27261.52657572965,0.0,0.956989247311828
A4_w3,A4,p2,model:gpt6_astra,stardist_he,119,86,0,0,83,84,0.7058823529411765,0.9651162790697675,0.03488372093023251,23923.380464415815,0.0,0.9761904761904762
A4_w3,A4,p2,model:gpt6_astra,spaceranger,119,111,1,0,102,103,0.865546218487395,0.918918918918919,0.08108108108108103,30877.851529652973,0.0,0.9029126213592233
A4_w4,A4,p3,model:gpt6_astra,cellpose_rgb,123,90,0,0,88,91,0.7398373983739838,0.9777777777777777,0.022222222222222254,25036.09583485376,0.0,0.9010989010989011
A4_w4,A4,p3,model:gpt6_astra,stardist_he,123,86,0,0,84,87,0.7073170731707317,0.9767441860465116,0.023255813953488413,23923.380464415815,0.0,0.9770114942528736
A4_w4,A4,p3,model:gpt6_astra,spaceranger,123,111,1,0,101,106,0.8617886178861789,0.9099099099099099,0.09009009009009006,30877.851529652973,0.0,0.9245283018867925
A5_w1,A5,r1,model:gpt6_astra,cellpose_rgb,125,77,0,0,65,65,0.52,0.8441558441558441,0.1558441558441559,1232.8928435335213,0.0,1.0
A5_w1,A5,r1,model:gpt6_astra,stardist_he,125,94,0,0,80,80,0.64,0.851063829787234,0.14893617021276595,1505.08996483313,0.0,1.0
A5_w1,A5,r1,model:gpt6_astra,spaceranger,125,72,0,0,67,67,0.536,0.9305555555555556,0.06944444444444442,1152.8348666806953,0.0,1.0
A5_w2,A5,r2,model:gpt6_astra,cellpose_rgb,80,50,0,0,45,45,0.5625,0.9,0.09999999999999998,800.5797685282606,0.0,1.0
A5_w2,A5,r2,model:gpt6_astra,stardist_he,80,62,0,0,56,57,0.7125,0.9032258064516129,0.09677419354838712,992.7189129750432,0.0,0.9824561403508771
A5_w2,A5,r2,model:gpt6_astra,spaceranger,80,37,0,0,36,37,0.4625,0.972972972972973,0.027027027027026973,592.4290287109129,0.0,0.972972972972973
A5_w3,A5,r3,model:gpt6_astra,cellpose_rgb,77,42,0,0,35,35,0.45454545454545453,0.8333333333333334,0.16666666666666663,672.4870055637389,0.0,1.0
A5_w3,A5,r3,model:gpt6_astra,stardist_he,77,45,0,0,34,34,0.44155844155844154,0.7555555555555555,0.24444444444444446,720.5217916754345,0.0,0.9411764705882353
A5_w3,A5,r3,model:gpt6_astra,spaceranger,77,11,0,0,8,8,0.1038961038961039,0.7272727272727273,0.2727272727272727,176.12754907621735,0.0,0.875
A5_w4,A5,r5,model:gpt6_astra,cellpose_rgb,139,84,0,0,71,72,0.5179856115107914,0.8452380952380952,0.15476190476190477,1344.9740111274778,0.0,1.0
A5_w4,A5,r5,model:gpt6_astra,stardist_he,139,106,0,0,83,84,0.60431654676259,0.7830188679245284,0.21698113207547165,1697.2291092799126,0.0,1.0
A5_w4,A5,r5,model:gpt6_astra,spaceranger,139,82,0,0,73,74,0.5323741007194245,0.8902439024390244,0.1097560975609756,1312.9508203863475,0.0,1.0
A6_w1,A6,r2,model:gpt6_astra,cellpose_rgb,77,29,0,0,27,27,0.35064935064935066,0.9310344827586207,0.06896551724137934,464.03773528836984,0.0,0.8888888888888888
A6_w1,A6,r2,model:gpt6_astra,stardist_he,77,47,0,0,43,43,0.5584415584415584,0.9148936170212766,0.08510638297872342,752.061157191496,0.0,0.9534883720930233
A6_w1,A6,r2,model:gpt6_astra,spaceranger,77,58,0,0,51,51,0.6623376623376623,0.8793103448275862,0.12068965517241381,928.0754705767397,0.0,0.9803921568627451
A6_w2,A6,r3,model:gpt6_astra,cellpose_rgb,70,14,4,0,10,10,0.14285714285714285,0.7142857142857143,0.2857142857142857,224.01821703576476,0.0,0.9
A6_w2,A6,r3,model:gpt6_astra,stardist_he,70,56,0,0,44,44,0.6285714285714286,0.7857142857142857,0.2142857142857143,896.072868143059,0.0,0.9318181818181818
A6_w2,A6,r3,model:gpt6_astra,spaceranger,70,67,1,0,59,59,0.8428571428571429,0.8805970149253731,0.11940298507462688,1072.0871815283028,0.0,0.847457627118644
A6_w3,A6,r4,model:gpt6_astra,cellpose_rgb,77,23,0,0,16,17,0.22077922077922077,0.6956521739130435,0.30434782608695654,368.0299279873278,0.0,0.7647058823529411
A6_w3,A6,r4,model:gpt6_astra,stardist_he,77,66,0,0,48,49,0.6363636363636364,0.7272727272727273,0.2727272727272727,1056.0858803114625,0.0,0.9183673469387755
A6_w3,A6,r4,model:gpt6_astra,spaceranger,77,70,0,0,58,59,0.7662337662337663,0.8285714285714286,0.17142857142857137,1120.0910851788237,0.0,0.864406779661017
A6_w4,A6,r5,model:gpt6_astra,cellpose_rgb,78,58,0,0,42,42,0.5384615384615384,0.7241379310344828,0.27586206896551724,928.0754705767397,0.0,0.8809523809523809
A6_w4,A6,r5,model:gpt6_astra,stardist_he,78,55,0,0,38,38,0.48717948717948717,0.6909090909090909,0.3090909090909091,880.0715669262187,0.0,0.9473684210526315
A6_w4,A6,r5,model:gpt6_astra,spaceranger,78,70,0,0,54,54,0.6923076923076923,0.7714285714285715,0.22857142857142854,1120.0910851788237,0.0,0.8888888888888888
