win_id,archetype,rater_a,rater_b,n_a,n_b,rel_diff,tp_3um,f1_3um,tp_5um,f1_5um
A1_w1,A1,Luca,model:deepseek_flash_nothink,162,147,0.0970873786407767,60,0.3883495145631068,70,0.45307443365695793
A1_w1,A1,Luca,model:deepseek_flash_think,162,195,0.18487394957983194,82,0.45938375350140054,132,0.7394957983193278
A1_w1,A1,Luca,model:gpt6_astra,162,145,0.11074918566775244,119,0.7752442996742671,136,0.8859934853420195
A1_w1,A1,model:deepseek_flash_nothink,model:deepseek_flash_think,147,195,0.2807017543859649,78,0.45614035087719296,90,0.5263157894736842
A1_w1,A1,model:deepseek_flash_nothink,model:gpt6_astra,147,145,0.0136986301369863,61,0.4178082191780822,69,0.4726027397260274
A1_w1,A1,model:deepseek_flash_think,model:gpt6_astra,195,145,0.29411764705882354,80,0.47058823529411764,125,0.7352941176470589
A1_w2,A1,Luca,model:deepseek_flash_nothink,95,58,0.48366013071895425,15,0.19607843137254902,27,0.35294117647058826
A1_w2,A1,Luca,model:deepseek_flash_think,95,110,0.14634146341463414,29,0.28292682926829266,57,0.5560975609756098
A1_w2,A1,Luca,model:gpt6_astra,95,145,0.4166666666666667,71,0.5916666666666667,84,0.7
A1_w2,A1,model:deepseek_flash_nothink,model:deepseek_flash_think,58,110,0.6190476190476191,11,0.13095238095238096,42,0.5
A1_w2,A1,model:deepseek_flash_nothink,model:gpt6_astra,58,145,0.8571428571428571,18,0.17733990147783252,37,0.3645320197044335
A1_w2,A1,model:deepseek_flash_think,model:gpt6_astra,110,145,0.27450980392156865,42,0.32941176470588235,60,0.47058823529411764
A1_w3,A1,Luca,model:deepseek_flash_nothink,142,154,0.08108108108108109,67,0.4527027027027027,102,0.6891891891891891
A1_w3,A1,Luca,model:deepseek_flash_think,142,230,0.4731182795698925,80,0.43010752688172044,127,0.6827956989247311
A1_w3,A1,Luca,model:gpt6_astra,142,183,0.2523076923076923,107,0.6584615384615384,129,0.7938461538461539
A1_w3,A1,model:deepseek_flash_nothink,model:deepseek_flash_think,154,230,0.3958333333333333,96,0.5,152,0.7916666666666666
A1_w3,A1,model:deepseek_flash_nothink,model:gpt6_astra,154,183,0.17210682492581603,76,0.45103857566765576,114,0.6765578635014837
A1_w3,A1,model:deepseek_flash_think,model:gpt6_astra,230,183,0.22760290556900725,100,0.48426150121065376,156,0.7554479418886199
A1_w4,A1,Luca,model:deepseek_flash_nothink,97,58,0.5032258064516129,10,0.12903225806451613,24,0.3096774193548387
A1_w4,A1,Luca,model:deepseek_flash_think,97,162,0.5019305019305019,28,0.21621621621621623,52,0.4015444015444015
A1_w4,A1,Luca,model:gpt6_astra,97,166,0.5247148288973384,81,0.6159695817490495,92,0.6996197718631179
A1_w4,A1,model:deepseek_flash_nothink,model:deepseek_flash_think,58,162,0.9454545454545454,31,0.2818181818181818,44,0.4
A1_w4,A1,model:deepseek_flash_nothink,model:gpt6_astra,58,166,0.9642857142857143,19,0.16964285714285715,40,0.35714285714285715
A1_w4,A1,model:deepseek_flash_think,model:gpt6_astra,162,166,0.024390243902439025,53,0.3231707317073171,87,0.5304878048780488
A2_w1,A2,Luca,model:deepseek_flash_nothink,145,68,0.7230046948356808,13,0.12206572769953052,33,0.30985915492957744
A2_w1,A2,Luca,model:deepseek_flash_think,145,139,0.04225352112676056,32,0.22535211267605634,75,0.528169014084507
A2_w1,A2,Luca,model:gpt6_astra,145,155,0.06666666666666667,74,0.49333333333333335,106,0.7066666666666667
A2_w1,A2,model:deepseek_flash_nothink,model:deepseek_flash_think,68,139,0.6859903381642513,21,0.2028985507246377,49,0.47342995169082125
A2_w1,A2,model:deepseek_flash_nothink,model:gpt6_astra,68,155,0.7802690582959642,18,0.16143497757847533,41,0.36771300448430494
A2_w1,A2,model:deepseek_flash_think,model:gpt6_astra,139,155,0.10884353741496598,41,0.2789115646258503,94,0.6394557823129252
A2_w2,A2,Luca,model:deepseek_flash_nothink,135,69,0.6470588235294118,21,0.20588235294117646,39,0.38235294117647056
A2_w2,A2,Luca,model:deepseek_flash_think,135,200,0.3880597014925373,56,0.33432835820895523,108,0.6447761194029851
A2_w2,A2,Luca,model:gpt6_astra,135,135,0.0,72,0.5333333333333333,98,0.725925925925926
A2_w2,A2,model:deepseek_flash_nothink,model:deepseek_flash_think,69,200,0.9739776951672863,26,0.19330855018587362,65,0.483271375464684
A2_w2,A2,model:deepseek_flash_nothink,model:gpt6_astra,69,135,0.6470588235294118,18,0.17647058823529413,37,0.3627450980392157
A2_w2,A2,model:deepseek_flash_think,model:gpt6_astra,200,135,0.3880597014925373,41,0.24477611940298508,101,0.6029850746268657
A2_w3,A2,Luca,model:deepseek_flash_nothink,127,69,0.5918367346938775,15,0.15306122448979592,42,0.42857142857142855
A2_w3,A2,Luca,model:deepseek_flash_think,127,100,0.23788546255506607,31,0.27312775330396477,58,0.5110132158590308
A2_w3,A2,Luca,model:gpt6_astra,127,159,0.22377622377622378,71,0.4965034965034965,98,0.6853146853146853
A2_w3,A2,model:deepseek_flash_nothink,model:deepseek_flash_think,69,100,0.3668639053254438,30,0.35502958579881655,52,0.6153846153846154
A2_w3,A2,model:deepseek_flash_nothink,model:gpt6_astra,69,159,0.7894736842105263,22,0.19298245614035087,45,0.39473684210526316
A2_w3,A2,model:deepseek_flash_think,model:gpt6_astra,100,159,0.4555984555984556,31,0.23938223938223938,65,0.5019305019305019
A2_w4,A2,Luca,model:deepseek_flash_nothink,106,123,0.14847161572052403,18,0.1572052401746725,54,0.47161572052401746
A2_w4,A2,Luca,model:deepseek_flash_think,106,250,0.8089887640449438,38,0.21348314606741572,79,0.4438202247191011
A2_w4,A2,Luca,model:gpt6_astra,106,133,0.22594142259414227,66,0.5523012552301255,83,0.694560669456067
A2_w4,A2,model:deepseek_flash_nothink,model:deepseek_flash_think,123,250,0.6809651474530831,100,0.5361930294906166,118,0.6327077747989276
A2_w4,A2,model:deepseek_flash_nothink,model:gpt6_astra,123,133,0.078125,27,0.2109375,64,0.5
A2_w4,A2,model:deepseek_flash_think,model:gpt6_astra,250,133,0.6109660574412533,58,0.3028720626631854,106,0.5535248041775457
A3_w1,A3,Luca,model:deepseek_flash_nothink,60,68,0.125,6,0.09375,15,0.234375
A3_w1,A3,Luca,model:deepseek_flash_think,60,91,0.4105960264900662,6,0.07947019867549669,18,0.23841059602649006
A3_w1,A3,Luca,model:gpt6_astra,60,83,0.32167832167832167,47,0.6573426573426573,56,0.7832167832167832
A3_w1,A3,model:deepseek_flash_nothink,model:deepseek_flash_think,68,91,0.2893081761006289,6,0.07547169811320754,25,0.31446540880503143
A3_w1,A3,model:deepseek_flash_nothink,model:gpt6_astra,68,83,0.1986754966887417,9,0.11920529801324503,23,0.304635761589404
A3_w1,A3,model:deepseek_flash_think,model:gpt6_astra,91,83,0.09195402298850575,4,0.04597701149425287,21,0.2413793103448276
A3_w2,A3,Luca,model:deepseek_flash_nothink,104,42,0.8493150684931506,4,0.0547945205479452,12,0.1643835616438356
A3_w2,A3,Luca,model:deepseek_flash_think,104,28,1.1515151515151516,5,0.07575757575757576,12,0.18181818181818182
A3_w2,A3,Luca,model:gpt6_astra,104,121,0.1511111111111111,29,0.2577777777777778,60,0.5333333333333333
A3_w2,A3,model:deepseek_flash_nothink,model:deepseek_flash_think,42,28,0.4,0,0.0,5,0.14285714285714285
A3_w2,A3,model:deepseek_flash_nothink,model:gpt6_astra,42,121,0.9693251533742331,4,0.049079754601226995,16,0.19631901840490798
A3_w2,A3,model:deepseek_flash_think,model:gpt6_astra,28,121,1.2483221476510067,6,0.08053691275167785,12,0.1610738255033557
A3_w3,A3,Luca,model:deepseek_flash_nothink,78,93,0.17543859649122806,11,0.1286549707602339,20,0.23391812865497075
A3_w3,A3,Luca,model:deepseek_flash_think,78,185,0.8136882129277566,20,0.1520912547528517,48,0.3650190114068441
A3_w3,A3,Luca,model:gpt6_astra,78,170,0.7419354838709677,56,0.45161290322580644,67,0.5403225806451613
A3_w3,A3,model:deepseek_flash_nothink,model:deepseek_flash_think,93,185,0.6618705035971223,28,0.2014388489208633,57,0.41007194244604317
A3_w3,A3,model:deepseek_flash_nothink,model:gpt6_astra,93,170,0.5855513307984791,20,0.1520912547528517,37,0.2813688212927757
A3_w3,A3,model:deepseek_flash_think,model:gpt6_astra,185,170,0.08450704225352113,40,0.22535211267605634,86,0.48450704225352115
A3_w4,A3,Luca,model:deepseek_flash_nothink,37,24,0.4262295081967213,7,0.22950819672131148,10,0.32786885245901637
A3_w4,A3,Luca,model:deepseek_flash_think,37,42,0.12658227848101267,2,0.05063291139240506,8,0.20253164556962025
A3_w4,A3,Luca,model:gpt6_astra,37,37,0.0,16,0.43243243243243246,22,0.5945945945945946
A3_w4,A3,model:deepseek_flash_nothink,model:deepseek_flash_think,24,42,0.5454545454545454,1,0.030303030303030304,3,0.09090909090909091
A3_w4,A3,model:deepseek_flash_nothink,model:gpt6_astra,24,37,0.4262295081967213,7,0.22950819672131148,9,0.29508196721311475
A3_w4,A3,model:deepseek_flash_think,model:gpt6_astra,42,37,0.12658227848101267,1,0.02531645569620253,7,0.17721518987341772
A4_w1,A4,Luca,model:deepseek_flash_nothink,67,72,0.07194244604316546,31,0.4460431654676259,51,0.7338129496402878
A4_w1,A4,Luca,model:deepseek_flash_think,67,98,0.37575757575757573,42,0.509090909090909,67,0.8121212121212121
A4_w1,A4,Luca,model:gpt6_astra,67,80,0.17687074829931973,57,0.7755102040816326,64,0.8707482993197279
A4_w1,A4,model:deepseek_flash_nothink,model:deepseek_flash_think,72,98,0.3058823529411765,55,0.6470588235294118,69,0.8117647058823529
A4_w1,A4,model:deepseek_flash_nothink,model:gpt6_astra,72,80,0.10526315789473684,42,0.5526315789473685,61,0.8026315789473685
A4_w1,A4,model:deepseek_flash_think,model:gpt6_astra,98,80,0.20224719101123595,58,0.651685393258427,79,0.8876404494382022
A4_w2,A4,Luca,model:deepseek_flash_nothink,118,184,0.4370860927152318,116,0.7682119205298014,118,0.7814569536423841
A4_w2,A4,Luca,model:deepseek_flash_think,118,253,0.7277628032345014,113,0.6091644204851752,118,0.6361185983827493
A4_w2,A4,Luca,model:gpt6_astra,118,123,0.04149377593360996,106,0.8796680497925311,114,0.946058091286307
A4_w2,A4,model:deepseek_flash_nothink,model:deepseek_flash_think,184,253,0.3157894736842105,181,0.8283752860411899,184,0.8421052631578947
A4_w2,A4,model:deepseek_flash_nothink,model:gpt6_astra,184,123,0.3973941368078176,120,0.7817589576547231,123,0.8013029315960912
A4_w2,A4,model:deepseek_flash_think,model:gpt6_astra,253,123,0.6914893617021277,120,0.6382978723404256,123,0.6542553191489362
A4_w3,A4,Luca,model:deepseek_flash_nothink,108,184,0.5205479452054794,102,0.6986301369863014,108,0.7397260273972602
A4_w3,A4,Luca,model:deepseek_flash_think,108,193,0.5647840531561462,106,0.7043189368770764,108,0.717607973421927
A4_w3,A4,Luca,model:gpt6_astra,108,119,0.09691629955947137,97,0.8546255506607929,103,0.9074889867841409
A4_w3,A4,model:deepseek_flash_nothink,model:deepseek_flash_think,184,193,0.04774535809018567,172,0.9124668435013262,184,0.9761273209549072
A4_w3,A4,model:deepseek_flash_nothink,model:gpt6_astra,184,119,0.429042904290429,115,0.759075907590759,119,0.7854785478547854
A4_w3,A4,model:deepseek_flash_think,model:gpt6_astra,193,119,0.47435897435897434,118,0.7564102564102564,119,0.7628205128205128
A4_w4,A4,Luca,model:deepseek_flash_nothink,111,138,0.21686746987951808,96,0.7710843373493976,110,0.8835341365461847
A4_w4,A4,Luca,model:deepseek_flash_think,111,150,0.2988505747126437,88,0.6743295019157088,107,0.8199233716475096
A4_w4,A4,Luca,model:gpt6_astra,111,123,0.10256410256410256,102,0.8717948717948718,109,0.9316239316239316
A4_w4,A4,model:deepseek_flash_nothink,model:deepseek_flash_think,138,150,0.08333333333333333,128,0.8888888888888888,136,0.9444444444444444
A4_w4,A4,model:deepseek_flash_nothink,model:gpt6_astra,138,123,0.11494252873563218,100,0.7662835249042146,123,0.9425287356321839
A4_w4,A4,model:deepseek_flash_think,model:gpt6_astra,150,123,0.1978021978021978,92,0.673992673992674,118,0.8644688644688645
A5_w1,A5,Luca,model:deepseek_flash_nothink,104,112,0.07407407407407407,6,0.05555555555555555,14,0.12962962962962962
A5_w1,A5,Luca,model:deepseek_flash_think,104,301,0.9728395061728395,17,0.08395061728395062,37,0.18271604938271604
A5_w1,A5,Luca,model:gpt6_astra,104,125,0.18340611353711792,64,0.5589519650655022,75,0.6550218340611353
A5_w1,A5,model:deepseek_flash_nothink,model:deepseek_flash_think,112,301,0.9152542372881356,11,0.053268765133171914,42,0.2033898305084746
A5_w1,A5,model:deepseek_flash_nothink,model:gpt6_astra,112,125,0.10970464135021098,6,0.05063291139240506,16,0.1350210970464135
A5_w1,A5,model:deepseek_flash_think,model:gpt6_astra,301,125,0.8262910798122066,27,0.1267605633802817,55,0.25821596244131456
A5_w2,A5,Luca,model:deepseek_flash_nothink,50,61,0.1981981981981982,9,0.16216216216216217,15,0.2702702702702703
A5_w2,A5,Luca,model:deepseek_flash_think,50,98,0.6486486486486487,3,0.04054054054054054,5,0.06756756756756757
A5_w2,A5,Luca,model:gpt6_astra,50,80,0.46153846153846156,35,0.5384615384615384,40,0.6153846153846154
A5_w2,A5,model:deepseek_flash_nothink,model:deepseek_flash_think,61,98,0.46540880503144655,1,0.012578616352201259,8,0.10062893081761007
A5_w2,A5,model:deepseek_flash_nothink,model:gpt6_astra,61,80,0.2695035460992908,6,0.0851063829787234,17,0.24113475177304963
A5_w2,A5,model:deepseek_flash_think,model:gpt6_astra,98,80,0.20224719101123595,2,0.02247191011235955,5,0.056179775280898875
A5_w3,A5,Luca,model:deepseek_flash_nothink,58,58,0.0,5,0.08620689655172414,11,0.1896551724137931
A5_w3,A5,Luca,model:deepseek_flash_think,58,139,0.8223350253807107,6,0.06091370558375635,14,0.14213197969543148
A5_w3,A5,Luca,model:gpt6_astra,58,77,0.2814814814814815,28,0.4148148148148148,35,0.5185185185185185
A5_w3,A5,model:deepseek_flash_nothink,model:deepseek_flash_think,58,139,0.8223350253807107,4,0.04060913705583756,9,0.09137055837563451
A5_w3,A5,model:deepseek_flash_nothink,model:gpt6_astra,58,77,0.2814814814814815,8,0.11851851851851852,15,0.2222222222222222
A5_w3,A5,model:deepseek_flash_think,model:gpt6_astra,139,77,0.5740740740740741,4,0.037037037037037035,14,0.12962962962962962
A5_w4,A5,Luca,model:deepseek_flash_nothink,84,111,0.27692307692307694,4,0.041025641025641026,18,0.18461538461538463
A5_w4,A5,Luca,model:deepseek_flash_think,84,194,0.7913669064748201,12,0.08633093525179857,26,0.18705035971223022
A5_w4,A5,Luca,model:gpt6_astra,84,139,0.49327354260089684,57,0.5112107623318386,64,0.5739910313901345
A5_w4,A5,model:deepseek_flash_nothink,model:deepseek_flash_think,111,194,0.5442622950819672,15,0.09836065573770492,36,0.2360655737704918
A5_w4,A5,model:deepseek_flash_nothink,model:gpt6_astra,111,139,0.224,9,0.072,22,0.176
A5_w4,A5,model:deepseek_flash_think,model:gpt6_astra,194,139,0.3303303303303303,14,0.08408408408408409,28,0.16816816816816818
A6_w1,A6,Luca,model:deepseek_flash_nothink,51,70,0.3140495867768595,2,0.03305785123966942,8,0.1322314049586777
A6_w1,A6,Luca,model:deepseek_flash_think,51,107,0.7088607594936709,4,0.05063291139240506,10,0.12658227848101267
A6_w1,A6,Luca,model:gpt6_astra,51,77,0.40625,41,0.640625,46,0.71875
A6_w1,A6,model:deepseek_flash_nothink,model:deepseek_flash_think,70,107,0.4180790960451977,3,0.03389830508474576,5,0.05649717514124294
A6_w1,A6,model:deepseek_flash_nothink,model:gpt6_astra,70,77,0.09523809523809523,2,0.027210884353741496,9,0.12244897959183673
A6_w1,A6,model:deepseek_flash_think,model:gpt6_astra,107,77,0.32608695652173914,5,0.05434782608695652,16,0.17391304347826086
A6_w2,A6,Luca,model:deepseek_flash_nothink,60,69,0.13953488372093023,2,0.031007751937984496,5,0.07751937984496124
A6_w2,A6,Luca,model:deepseek_flash_think,60,146,0.8349514563106796,1,0.009708737864077669,6,0.05825242718446602
A6_w2,A6,Luca,model:gpt6_astra,60,70,0.15384615384615385,49,0.7538461538461538,53,0.8153846153846154
A6_w2,A6,model:deepseek_flash_nothink,model:deepseek_flash_think,69,146,0.7162790697674418,3,0.027906976744186046,13,0.12093023255813953
A6_w2,A6,model:deepseek_flash_nothink,model:gpt6_astra,69,70,0.014388489208633094,2,0.02877697841726619,4,0.05755395683453238
A6_w2,A6,model:deepseek_flash_think,model:gpt6_astra,146,70,0.7037037037037037,2,0.018518518518518517,9,0.08333333333333333
A6_w3,A6,Luca,model:deepseek_flash_nothink,62,69,0.10687022900763359,3,0.04580152671755725,6,0.0916030534351145
A6_w3,A6,Luca,model:gpt6_astra,62,77,0.2158273381294964,50,0.7194244604316546,54,0.7769784172661871
A6_w3,A6,model:deepseek_flash_nothink,model:gpt6_astra,69,77,0.1095890410958904,3,0.0410958904109589,8,0.1095890410958904
A6_w4,A6,Luca,model:deepseek_flash_nothink,69,68,0.014598540145985401,5,0.072992700729927,13,0.1897810218978102
A6_w4,A6,Luca,model:deepseek_flash_think,69,256,1.1507692307692308,4,0.024615384615384615,20,0.12307692307692308
A6_w4,A6,Luca,model:gpt6_astra,69,78,0.12244897959183673,43,0.5850340136054422,53,0.7210884353741497
A6_w4,A6,model:deepseek_flash_nothink,model:deepseek_flash_think,68,256,1.1604938271604939,9,0.05555555555555555,24,0.14814814814814814
A6_w4,A6,model:deepseek_flash_nothink,model:gpt6_astra,68,78,0.136986301369863,10,0.136986301369863,15,0.2054794520547945
A6_w4,A6,model:deepseek_flash_think,model:gpt6_astra,256,78,1.0658682634730539,8,0.04790419161676647,28,0.16766467065868262
