win_id,archetype,rater,method,n_points,n_obj,tp_obs,f1_obs,precision_obs,tp_null_mean,f1_null_mean,f1_null_sd,precision_null_mean,f1_gain
A1_w1,A1,Federica,cellpose_rgb,151,154,129,0.8459016393442623,0.8376623376623377,52.55,0.34459016393442626,0.02986847456168063,0.3412337662337662,0.501311475409836
A1_w1,A1,Federica,stardist_he,151,86,77,0.6497890295358649,0.8953488372093024,28.55,0.2409282700421941,0.030011243716596248,0.3319767441860465,0.40886075949367084
A1_w1,A1,Luca,cellpose_rgb,162,154,132,0.8354430379746836,0.8571428571428571,54.95,0.3477848101265823,0.02613203689012624,0.3568181818181818,0.48765822784810126
A1_w1,A1,Luca,stardist_he,162,86,79,0.6370967741935484,0.9186046511627907,31.35,0.2528225806451613,0.027617288429302854,0.36453488372093024,0.3842741935483871
A1_w1,A1,model:deepseek_flash_nothink,cellpose_rgb,147,154,66,0.43853820598006643,0.42857142857142855,48.35,0.3212624584717608,0.027976104857885282,0.313961038961039,0.1172757475083056
A1_w1,A1,model:deepseek_flash_nothink,stardist_he,147,86,40,0.34334763948497854,0.46511627906976744,28.4,0.24377682403433476,0.02978429454574674,0.3302325581395349,0.09957081545064378
A1_w1,A1,model:deepseek_flash_think,cellpose_rgb,195,154,80,0.4584527220630373,0.5194805194805194,63.45,0.3636103151862464,0.03029535536315749,0.41201298701298705,0.09484240687679085
A1_w1,A1,model:deepseek_flash_think,stardist_he,195,86,39,0.2775800711743772,0.45348837209302323,35.9,0.25551601423487547,0.03142169402796316,0.4174418604651163,0.022064056939501753
A1_w1,A1,model:gpt6_astra,cellpose_rgb,145,154,115,0.7692307692307693,0.7467532467532467,49.0,0.3277591973244147,0.028536092317995358,0.3181818181818182,0.44147157190635455
A1_w1,A1,model:gpt6_astra,stardist_he,145,86,74,0.6406926406926406,0.8604651162790697,29.05,0.2515151515151515,0.028251521383566635,0.3377906976744186,0.3891774891774891
A1_w2,A1,Luca,cellpose_rgb,95,92,70,0.7486631016042781,0.7608695652173914,21.4,0.22887700534759362,0.038174477641871124,0.2326086956521739,0.5197860962566845
A1_w2,A1,Luca,stardist_he,95,38,33,0.49624060150375937,0.868421052631579,9.2,0.13834586466165413,0.035458123676846906,0.2421052631578947,0.35789473684210527
A1_w2,A1,model:deepseek_flash_nothink,cellpose_rgb,58,92,12,0.16,0.13043478260869565,13.95,0.186,0.03251666239535253,0.15163043478260868,-0.025999999999999995
A1_w2,A1,model:deepseek_flash_nothink,stardist_he,58,38,5,0.10416666666666667,0.13157894736842105,4.85,0.10104166666666667,0.048980491439619786,0.1276315789473684,0.0031250000000000028
A1_w2,A1,model:deepseek_flash_think,cellpose_rgb,110,92,24,0.2376237623762376,0.2608695652173913,25.15,0.24900990099009906,0.040251512961096116,0.2733695652173913,-0.011386138613861452
A1_w2,A1,model:deepseek_flash_think,stardist_he,110,38,10,0.13513513513513514,0.2631578947368421,11.05,0.14932432432432435,0.030955976186365697,0.29078947368421054,-0.01418918918918921
A1_w2,A1,model:gpt6_astra,cellpose_rgb,145,92,68,0.5738396624472574,0.7391304347826086,30.9,0.260759493670886,0.036580112745473826,0.3358695652173913,0.31308016877637135
A1_w2,A1,model:gpt6_astra,stardist_he,145,38,30,0.32786885245901637,0.7894736842105263,12.2,0.13333333333333336,0.028624701319582065,0.32105263157894737,0.194535519125683
A1_w3,A1,Luca,cellpose_rgb,142,147,125,0.8650519031141869,0.8503401360544217,48.75,0.3373702422145329,0.03424556828046061,0.33163265306122447,0.527681660899654
A1_w3,A1,Luca,stardist_he,142,64,58,0.5631067961165048,0.90625,21.7,0.2106796116504855,0.03474860226829763,0.3390625,0.35242718446601934
A1_w3,A1,model:deepseek_flash_nothink,cellpose_rgb,154,147,66,0.43853820598006643,0.4489795918367347,52.0,0.34551495016611294,0.027396050668555886,0.35374149659863946,0.09302325581395349
A1_w3,A1,model:deepseek_flash_nothink,stardist_he,154,64,32,0.29357798165137616,0.5,23.2,0.21284403669724772,0.022954121106783132,0.3625,0.08073394495412844
A1_w3,A1,model:deepseek_flash_think,cellpose_rgb,230,147,86,0.4562334217506631,0.5850340136054422,69.4,0.36816976127320955,0.0200892267679167,0.472108843537415,0.08806366047745356
A1_w3,A1,model:deepseek_flash_think,stardist_he,230,64,44,0.29931972789115646,0.6875,32.95,0.22414965986394556,0.03485191430035617,0.51484375,0.0751700680272109
A1_w3,A1,model:gpt6_astra,cellpose_rgb,183,147,111,0.6727272727272727,0.7551020408163265,58.4,0.3539393939393939,0.03116353971438168,0.39727891156462586,0.31878787878787884
A1_w3,A1,model:gpt6_astra,stardist_he,183,64,51,0.41295546558704455,0.796875,28.8,0.2331983805668016,0.033346170497123885,0.45,0.17975708502024296
A1_w4,A1,Federica,cellpose_rgb,116,99,91,0.8465116279069768,0.9191919191919192,25.15,0.233953488372093,0.033186625049959485,0.254040404040404,0.6125581395348838
A1_w4,A1,Federica,stardist_he,116,38,37,0.4805194805194805,0.9736842105263158,10.95,0.1422077922077922,0.032200198099266074,0.2881578947368421,0.33831168831168834
A1_w4,A1,Luca,cellpose_rgb,97,99,77,0.7857142857142857,0.7777777777777778,22.8,0.23265306122448978,0.0351411741994338,0.23030303030303031,0.5530612244897959
A1_w4,A1,Luca,stardist_he,97,38,32,0.4740740740740741,0.8421052631578947,10.45,0.1548148148148148,0.03261783534267259,0.27499999999999997,0.3192592592592593
A1_w4,A1,model:deepseek_flash_nothink,cellpose_rgb,58,99,8,0.10191082802547771,0.08080808080808081,13.75,0.17515923566878983,0.03733049238749708,0.1388888888888889,-0.07324840764331211
A1_w4,A1,model:deepseek_flash_nothink,stardist_he,58,38,4,0.08333333333333333,0.10526315789473684,5.45,0.11354166666666668,0.022316963839196406,0.14342105263157895,-0.03020833333333335
A1_w4,A1,model:deepseek_flash_think,cellpose_rgb,162,99,31,0.23754789272030652,0.31313131313131315,34.65,0.26551724137931026,0.029307214417261508,0.35,-0.027969348659003745
A1_w4,A1,model:deepseek_flash_think,stardist_he,162,38,13,0.13,0.34210526315789475,14.55,0.14550000000000002,0.03138072656902641,0.3828947368421053,-0.015500000000000014
A1_w4,A1,model:gpt6_astra,cellpose_rgb,166,99,84,0.6339622641509434,0.8484848484848485,34.75,0.26226415094339633,0.027717231590119018,0.351010101010101,0.37169811320754703
A1_w4,A1,model:gpt6_astra,stardist_he,166,38,32,0.3137254901960784,0.8421052631578947,15.35,0.15049019607843134,0.02671905897041499,0.4039473684210526,0.1632352941176471
A2_w1,A2,Luca,cellpose_rgb,145,115,88,0.676923076923077,0.7652173913043478,32.3,0.24846153846153846,0.0323717314038474,0.28086956521739126,0.4284615384615385
A2_w1,A2,Luca,stardist_he,145,31,30,0.3409090909090909,0.967741935483871,10.5,0.11931818181818181,0.02677095224861306,0.3387096774193548,0.22159090909090906
A2_w1,A2,Luca,spaceranger,145,86,64,0.5541125541125541,0.7441860465116279,25.65,0.22207792207792204,0.042791501613444104,0.2982558139534884,0.33203463203463207
A2_w1,A2,model:deepseek_flash_nothink,cellpose_rgb,68,115,17,0.18579234972677597,0.14782608695652175,16.1,0.17595628415300552,0.027626720567791342,0.14,0.009836065573770453
A2_w1,A2,model:deepseek_flash_nothink,stardist_he,68,31,11,0.2222222222222222,0.3548387096774194,4.3,0.08686868686868687,0.03730542487397857,0.13870967741935483,0.13535353535353534
A2_w1,A2,model:deepseek_flash_nothink,spaceranger,68,86,16,0.2077922077922078,0.18604651162790697,12.75,0.16558441558441558,0.038933973282912385,0.14825581395348839,0.04220779220779222
A2_w1,A2,model:deepseek_flash_think,cellpose_rgb,139,115,40,0.31496062992125984,0.34782608695652173,30.4,0.23937007874015745,0.019826265058290035,0.2643478260869565,0.07559055118110239
A2_w1,A2,model:deepseek_flash_think,stardist_he,139,31,12,0.1411764705882353,0.3870967741935484,9.0,0.10588235294117647,0.03045218613069361,0.2903225806451613,0.03529411764705882
A2_w1,A2,model:deepseek_flash_think,spaceranger,139,86,24,0.21333333333333335,0.27906976744186046,23.2,0.20622222222222222,0.021700543316859913,0.2697674418604651,0.007111111111111124
A2_w1,A2,model:gpt6_astra,cellpose_rgb,155,115,64,0.4740740740740741,0.5565217391304348,33.2,0.24592592592592594,0.030325169615494398,0.2886956521739131,0.22814814814814816
A2_w1,A2,model:gpt6_astra,stardist_he,155,31,26,0.27956989247311825,0.8387096774193549,9.95,0.10698924731182795,0.027303148227085208,0.32096774193548383,0.1725806451612903
A2_w1,A2,model:gpt6_astra,spaceranger,155,86,52,0.4315352697095436,0.6046511627906976,26.25,0.2178423236514523,0.025696006979902136,0.30523255813953487,0.21369294605809128
A2_w2,A2,Federica,cellpose_rgb,133,129,104,0.7938931297709924,0.8062015503875969,43.8,0.3343511450381679,0.03461308106489965,0.3395348837209302,0.4595419847328245
A2_w2,A2,Federica,stardist_he,133,88,75,0.6787330316742082,0.8522727272727273,28.05,0.2538461538461538,0.031149500053385917,0.31875000000000003,0.4248868778280544
A2_w2,A2,Federica,spaceranger,133,139,106,0.7794117647058824,0.762589928057554,45.45,0.3341911764705882,0.031237021526400854,0.3269784172661871,0.44522058823529415
A2_w2,A2,Luca,cellpose_rgb,135,129,116,0.8787878787878788,0.8992248062015504,44.65,0.33825757575757576,0.0374425639117636,0.3461240310077519,0.540530303030303
A2_w2,A2,Luca,stardist_he,135,88,79,0.7085201793721974,0.8977272727272727,28.3,0.2538116591928251,0.026163142862448113,0.3215909090909091,0.45470852017937224
A2_w2,A2,Luca,spaceranger,135,139,114,0.8321167883211679,0.8201438848920863,49.1,0.3583941605839416,0.030613455438701854,0.3532374100719425,0.4737226277372263
A2_w2,A2,model:deepseek_flash_nothink,cellpose_rgb,69,129,28,0.2828282828282828,0.21705426356589147,26.3,0.2656565656565657,0.025772425903379945,0.20387596899224808,0.017171717171717116
A2_w2,A2,model:deepseek_flash_nothink,stardist_he,69,88,22,0.2802547770700637,0.25,17.4,0.22165605095541405,0.044018223039926106,0.19772727272727272,0.05859872611464964
A2_w2,A2,model:deepseek_flash_nothink,spaceranger,69,139,27,0.25961538461538464,0.19424460431654678,26.25,0.25240384615384615,0.03518166610860712,0.18884892086330934,0.007211538461538491
A2_w2,A2,model:deepseek_flash_think,cellpose_rgb,200,129,74,0.44984802431610943,0.5736434108527132,57.8,0.3513677811550152,0.03220163559428335,0.4480620155038759,0.09848024316109422
A2_w2,A2,model:deepseek_flash_think,stardist_he,200,88,48,0.3333333333333333,0.5454545454545454,39.05,0.27118055555555554,0.022977087856341262,0.44375,0.06215277777777778
A2_w2,A2,model:deepseek_flash_think,spaceranger,200,139,86,0.5073746312684366,0.6187050359712231,62.55,0.36902654867256635,0.02311261677870079,0.44999999999999996,0.13834808259587028
A2_w2,A2,model:gpt6_astra,cellpose_rgb,135,129,91,0.6893939393939394,0.7054263565891473,42.25,0.3200757575757576,0.024882068030174235,0.32751937984496127,0.3693181818181818
A2_w2,A2,model:gpt6_astra,stardist_he,135,88,63,0.5650224215246636,0.7159090909090909,27.1,0.24304932735426013,0.037827976159575144,0.3079545454545455,0.32197309417040354
A2_w2,A2,model:gpt6_astra,spaceranger,135,139,90,0.656934306569343,0.6474820143884892,46.1,0.33649635036496356,0.025274875464497495,0.3316546762589928,0.3204379562043795
A2_w3,A2,Luca,cellpose_rgb,127,99,86,0.7610619469026548,0.8686868686868687,35.1,0.3106194690265486,0.03038634462546796,0.35454545454545455,0.45044247787610625
A2_w3,A2,Luca,stardist_he,127,49,39,0.4431818181818182,0.7959183673469388,15.25,0.17329545454545453,0.029822780618206157,0.3112244897959184,0.26988636363636365
A2_w3,A2,Luca,spaceranger,127,116,86,0.7078189300411523,0.7413793103448276,37.5,0.30864197530864196,0.03731037681199387,0.3232758620689655,0.3991769547325103
A2_w3,A2,model:deepseek_flash_nothink,cellpose_rgb,69,99,20,0.23809523809523808,0.20202020202020202,21.3,0.25357142857142856,0.047484930178997936,0.21515151515151515,-0.015476190476190477
A2_w3,A2,model:deepseek_flash_nothink,stardist_he,69,49,7,0.11864406779661017,0.14285714285714285,10.25,0.17372881355932204,0.05137438836009382,0.20918367346938777,-0.05508474576271187
A2_w3,A2,model:deepseek_flash_nothink,spaceranger,69,116,25,0.2702702702702703,0.21551724137931033,21.6,0.23351351351351352,0.0403635777353394,0.18620689655172415,0.03675675675675677
A2_w3,A2,model:deepseek_flash_think,cellpose_rgb,100,99,42,0.4221105527638191,0.42424242424242425,28.8,0.2894472361809045,0.04422110552763819,0.2909090909090909,0.13266331658291458
A2_w3,A2,model:deepseek_flash_think,stardist_he,100,49,18,0.24161073825503357,0.3673469387755102,12.2,0.16375838926174496,0.04084597061665219,0.24897959183673468,0.0778523489932886
A2_w3,A2,model:deepseek_flash_think,spaceranger,100,116,40,0.37037037037037035,0.3448275862068966,31.3,0.2898148148148148,0.0297307302925969,0.26982758620689656,0.08055555555555555
A2_w3,A2,model:gpt6_astra,cellpose_rgb,159,99,70,0.5426356589147286,0.7070707070707071,41.75,0.32364341085271314,0.0225839645456701,0.4217171717171717,0.2189922480620155
A2_w3,A2,model:gpt6_astra,stardist_he,159,49,32,0.3076923076923077,0.6530612244897959,19.6,0.18846153846153846,0.031216698232207553,0.4,0.11923076923076925
A2_w3,A2,model:gpt6_astra,spaceranger,159,116,73,0.5309090909090909,0.6293103448275862,43.8,0.31854545454545463,0.030476111766919223,0.3775862068965517,0.21236363636363625
A2_w4,A2,Federica,cellpose_rgb,99,94,74,0.7668393782383419,0.7872340425531915,24.95,0.25854922279792747,0.036707202599085005,0.2654255319148936,0.5082901554404144
A2_w4,A2,Federica,stardist_he,99,61,51,0.6375,0.8360655737704918,15.3,0.19125000000000003,0.03625,0.25081967213114753,0.4462499999999999
A2_w4,A2,Federica,spaceranger,99,110,78,0.7464114832535885,0.7090909090909091,29.15,0.27894736842105267,0.03249011697868892,0.265,0.46746411483253586
A2_w4,A2,Luca,cellpose_rgb,106,94,82,0.82,0.8723404255319149,25.5,0.255,0.027110883423451915,0.2712765957446808,0.565
A2_w4,A2,Luca,stardist_he,106,61,56,0.6706586826347305,0.9180327868852459,17.05,0.20419161676646708,0.0292065829898376,0.2795081967213115,0.4664670658682634
A2_w4,A2,Luca,spaceranger,106,110,87,0.8055555555555556,0.7909090909090909,29.65,0.274537037037037,0.026397009796571176,0.26954545454545453,0.5310185185185186
A2_w4,A2,model:deepseek_flash_nothink,cellpose_rgb,123,94,34,0.31336405529953915,0.3617021276595745,28.85,0.2658986175115208,0.03169689638528597,0.3069148936170213,0.04746543778801837
A2_w4,A2,model:deepseek_flash_nothink,stardist_he,123,61,17,0.18478260869565216,0.2786885245901639,18.7,0.20326086956521738,0.025047214395223723,0.3065573770491803,-0.018478260869565222
A2_w4,A2,model:deepseek_flash_nothink,spaceranger,123,110,36,0.3090128755364807,0.32727272727272727,33.6,0.288412017167382,0.03339927288986046,0.3054545454545455,0.020600858369098696
A2_w4,A2,model:deepseek_flash_think,cellpose_rgb,250,94,45,0.2616279069767442,0.4787234042553192,50.2,0.29186046511627906,0.025581395348837212,0.5340425531914894,-0.03023255813953485
A2_w4,A2,model:deepseek_flash_think,stardist_he,250,61,32,0.2057877813504823,0.5245901639344263,31.95,0.2054662379421222,0.021663055000259127,0.5237704918032787,0.0003215434083601032
A2_w4,A2,model:deepseek_flash_think,spaceranger,250,110,55,0.3055555555555556,0.5,56.2,0.3122222222222222,0.030459444804161778,0.510909090909091,-0.006666666666666599
A2_w4,A2,model:gpt6_astra,cellpose_rgb,133,94,74,0.6519823788546255,0.7872340425531915,29.5,0.2599118942731278,0.04013406863059162,0.31382978723404253,0.39207048458149774
A2_w4,A2,model:gpt6_astra,stardist_he,133,61,51,0.5257731958762887,0.8360655737704918,19.75,0.2036082474226804,0.031586626185265004,0.3237704918032787,0.32216494845360827
A2_w4,A2,model:gpt6_astra,spaceranger,133,110,81,0.6666666666666666,0.7363636363636363,37.35,0.30740740740740746,0.03504230610261374,0.33954545454545454,0.35925925925925917
A3_w1,A3,Federica,cellpose_rgb,53,58,48,0.8648648648648649,0.8275862068965517,5.05,0.09099099099099099,0.03296608011447205,0.08706896551724137,0.773873873873874
A3_w1,A3,Federica,stardist_he,53,38,36,0.7912087912087912,0.9473684210526315,3.9,0.08571428571428572,0.036046636190893905,0.10263157894736842,0.7054945054945054
A3_w1,A3,Federica,spaceranger,53,61,41,0.7192982456140351,0.6721311475409836,4.95,0.08684210526315787,0.034856695590009694,0.08114754098360656,0.6324561403508773
A3_w1,A3,Luca,cellpose_rgb,60,58,49,0.8305084745762712,0.8448275862068966,5.65,0.0957627118644068,0.03484895795754592,0.09741379310344828,0.7347457627118644
A3_w1,A3,Luca,stardist_he,60,38,36,0.7346938775510204,0.9473684210526315,3.15,0.06428571428571428,0.034918242106670765,0.08289473684210526,0.6704081632653062
A3_w1,A3,Luca,spaceranger,60,61,48,0.7933884297520661,0.7868852459016393,5.35,0.08842975206611572,0.03438453564085078,0.08770491803278688,0.7049586776859504
A3_w1,A3,model:deepseek_flash_nothink,cellpose_rgb,68,58,7,0.1111111111111111,0.1206896551724138,7.45,0.11825396825396825,0.036705812951895796,0.12844827586206897,-0.007142857142857145
A3_w1,A3,model:deepseek_flash_nothink,stardist_he,68,38,5,0.09433962264150944,0.13157894736842105,3.85,0.07264150943396228,0.03739230411812531,0.1013157894736842,0.021698113207547165
A3_w1,A3,model:deepseek_flash_nothink,spaceranger,68,61,7,0.10852713178294573,0.11475409836065574,6.25,0.09689922480620154,0.03247497684597428,0.10245901639344263,0.011627906976744193
A3_w1,A3,model:deepseek_flash_think,cellpose_rgb,91,58,5,0.06711409395973154,0.08620689655172414,7.5,0.10067114093959732,0.03564004844926645,0.12931034482758622,-0.03355704697986578
A3_w1,A3,model:deepseek_flash_think,stardist_he,91,38,3,0.046511627906976744,0.07894736842105263,5.4,0.08372093023255814,0.03746680922044829,0.14210526315789473,-0.037209302325581395
A3_w1,A3,model:deepseek_flash_think,spaceranger,91,61,4,0.05263157894736842,0.06557377049180328,9.1,0.11973684210526314,0.03788468433917887,0.14918032786885246,-0.06710526315789472
A3_w1,A3,model:gpt6_astra,cellpose_rgb,83,58,49,0.6950354609929078,0.8448275862068966,7.8,0.11063829787234043,0.030619905170103406,0.13448275862068965,0.5843971631205673
A3_w1,A3,model:gpt6_astra,stardist_he,83,38,38,0.628099173553719,1.0,4.85,0.08016528925619834,0.0310440330099057,0.1276315789473684,0.5479338842975207
A3_w1,A3,model:gpt6_astra,spaceranger,83,61,48,0.6666666666666666,0.7868852459016393,7.75,0.10763888888888888,0.026306523506771963,0.12704918032786885,0.5590277777777778
A3_w2,A3,Luca,cellpose_rgb,104,81,63,0.6810810810810811,0.7777777777777778,23.9,0.25837837837837846,0.03820669631799414,0.29506172839506173,0.42270270270270266
A3_w2,A3,Luca,stardist_he,104,44,28,0.3783783783783784,0.6363636363636364,9.75,0.13175675675675674,0.038667307913039184,0.2215909090909091,0.24662162162162166
A3_w2,A3,Luca,spaceranger,104,53,28,0.35668789808917195,0.5283018867924528,9.7,0.12356687898089173,0.03017253320338092,0.1830188679245283,0.2331210191082802
A3_w2,A3,model:deepseek_flash_nothink,cellpose_rgb,42,81,12,0.1951219512195122,0.14814814814814814,11.15,0.18130081300813009,0.05018967263105903,0.13765432098765432,0.013821138211382117
A3_w2,A3,model:deepseek_flash_nothink,stardist_he,42,44,4,0.09302325581395349,0.09090909090909091,3.3,0.0767441860465116,0.03828390147245193,0.075,0.01627906976744188
A3_w2,A3,model:deepseek_flash_nothink,spaceranger,42,53,3,0.06315789473684211,0.05660377358490566,4.65,0.09789473684210528,0.04720439436795508,0.08773584905660378,-0.03473684210526318
A3_w2,A3,model:deepseek_flash_think,cellpose_rgb,28,81,12,0.22018348623853212,0.14814814814814814,7.55,0.13853211009174315,0.03997937352202005,0.09320987654320988,0.08165137614678897
A3_w2,A3,model:deepseek_flash_think,stardist_he,28,44,5,0.1388888888888889,0.11363636363636363,2.4,0.06666666666666667,0.036641405439646994,0.05454545454545454,0.07222222222222223
A3_w2,A3,model:deepseek_flash_think,spaceranger,28,53,7,0.1728395061728395,0.1320754716981132,3.0,0.07407407407407407,0.03662320240541068,0.05660377358490566,0.09876543209876543
A3_w2,A3,model:gpt6_astra,cellpose_rgb,121,81,50,0.49504950495049505,0.6172839506172839,25.8,0.2554455445544555,0.041133817975922755,0.31851851851851853,0.23960396039603954
A3_w2,A3,model:gpt6_astra,stardist_he,121,44,28,0.3393939393939394,0.6363636363636364,9.5,0.11515151515151516,0.028555682398520597,0.2159090909090909,0.22424242424242424
A3_w2,A3,model:gpt6_astra,spaceranger,121,53,35,0.40229885057471265,0.660377358490566,10.35,0.11896551724137931,0.026027567526952306,0.1952830188679245,0.2833333333333333
A3_w3,A3,Federica,cellpose_rgb,85,85,64,0.7529411764705882,0.7529411764705882,10.1,0.1188235294117647,0.03662207627358443,0.1188235294117647,0.6341176470588236
A3_w3,A3,Federica,stardist_he,85,59,50,0.6944444444444444,0.847457627118644,8.25,0.11458333333333334,0.02909216675785196,0.13983050847457626,0.579861111111111
A3_w3,A3,Federica,spaceranger,85,76,60,0.7453416149068323,0.7894736842105263,8.8,0.10931677018633541,0.024406065471290067,0.11578947368421054,0.6360248447204968
A3_w3,A3,Luca,cellpose_rgb,78,85,61,0.7484662576687117,0.7176470588235294,9.7,0.11901840490797544,0.025473054591443795,0.11411764705882352,0.6294478527607362
A3_w3,A3,Luca,stardist_he,78,59,47,0.6861313868613139,0.7966101694915254,6.9,0.10072992700729926,0.034822950195260036,0.11694915254237288,0.5854014598540147
A3_w3,A3,Luca,spaceranger,78,76,60,0.7792207792207793,0.7894736842105263,8.5,0.1103896103896104,0.03374124949809501,0.1118421052631579,0.6688311688311689
A3_w3,A3,model:deepseek_flash_nothink,cellpose_rgb,93,85,10,0.11235955056179775,0.11764705882352941,12.0,0.1348314606741573,0.029727542820950456,0.1411764705882353,-0.02247191011235955
A3_w3,A3,model:deepseek_flash_nothink,stardist_he,93,59,8,0.10526315789473684,0.13559322033898305,8.35,0.10986842105263157,0.03257077314338569,0.14152542372881355,-0.004605263157894737
A3_w3,A3,model:deepseek_flash_nothink,spaceranger,93,76,10,0.11834319526627218,0.13157894736842105,9.75,0.11538461538461538,0.03365506532676893,0.12828947368421054,0.002958579881656806
A3_w3,A3,model:deepseek_flash_think,cellpose_rgb,185,85,27,0.2,0.3176470588235294,20.2,0.1496296296296296,0.0325925925925926,0.2376470588235294,0.0503703703703704
A3_w3,A3,model:deepseek_flash_think,stardist_he,185,59,19,0.1557377049180328,0.3220338983050847,15.7,0.12868852459016394,0.024875394927038552,0.2661016949152542,0.02704918032786885
A3_w3,A3,model:deepseek_flash_think,spaceranger,185,76,24,0.1839080459770115,0.3157894736842105,19.25,0.1475095785440613,0.0255156305222566,0.2532894736842105,0.03639846743295019
A3_w3,A3,model:gpt6_astra,cellpose_rgb,170,85,65,0.5098039215686274,0.7647058823529411,20.4,0.15999999999999998,0.0258228668755362,0.24,0.34980392156862744
A3_w3,A3,model:gpt6_astra,stardist_he,170,59,44,0.38427947598253276,0.7457627118644068,15.0,0.1310043668122271,0.025161328019018225,0.2542372881355932,0.25327510917030566
A3_w3,A3,model:gpt6_astra,spaceranger,170,76,61,0.4959349593495935,0.8026315789473685,16.65,0.13536585365853657,0.029344413208575525,0.21907894736842104,0.36056910569105693
A3_w4,A3,Luca,cellpose_rgb,37,19,18,0.6428571428571429,0.9473684210526315,1.3,0.046428571428571416,0.03214285714285714,0.06842105263157895,0.5964285714285715
A3_w4,A3,Luca,stardist_he,37,11,11,0.4583333333333333,1.0,0.6,0.025,0.030618621784789725,0.05454545454545454,0.4333333333333333
A3_w4,A3,Luca,spaceranger,37,16,15,0.5660377358490566,0.9375,1.05,0.03962264150943397,0.03473953328211692,0.065625,0.5264150943396226
A3_w4,A3,model:deepseek_flash_nothink,cellpose_rgb,24,19,7,0.32558139534883723,0.3684210526315789,0.6,0.027906976744186046,0.03417892664348621,0.031578947368421054,0.29767441860465116
A3_w4,A3,model:deepseek_flash_nothink,stardist_he,24,11,3,0.17142857142857143,0.2727272727272727,0.35,0.02,0.027255405754769875,0.031818181818181815,0.15142857142857144
A3_w4,A3,model:deepseek_flash_nothink,spaceranger,24,16,7,0.35,0.4375,0.75,0.037500000000000006,0.03832427429188973,0.046875,0.3125
A3_w4,A3,model:deepseek_flash_think,cellpose_rgb,42,19,2,0.06557377049180328,0.10526315789473684,1.85,0.060655737704918035,0.03632544230518088,0.09736842105263159,0.004918032786885247
A3_w4,A3,model:deepseek_flash_think,stardist_he,42,11,0,0.0,0.0,1.05,0.03962264150943397,0.03473953328211692,0.09545454545454546,-0.03962264150943397
A3_w4,A3,model:deepseek_flash_think,spaceranger,42,16,0,0.0,0.0,1.05,0.03620689655172414,0.038514323971877026,0.065625,-0.03620689655172414
A3_w4,A3,model:gpt6_astra,cellpose_rgb,37,19,16,0.5714285714285714,0.8421052631578947,1.4,0.04999999999999999,0.04134227465282223,0.07368421052631578,0.5214285714285714
A3_w4,A3,model:gpt6_astra,stardist_he,37,11,11,0.4583333333333333,1.0,1.05,0.04375,0.03352807695714809,0.09545454545454546,0.4145833333333333
A3_w4,A3,model:gpt6_astra,spaceranger,37,16,14,0.5283018867924528,0.875,0.75,0.02830188679245283,0.04112168814661013,0.046875,0.5
A4_w1,A4,Luca,cellpose_rgb,67,62,52,0.8062015503875969,0.8387096774193549,25.7,0.3984496124031008,0.03639285145521086,0.41451612903225804,0.4077519379844961
A4_w1,A4,Luca,stardist_he,67,46,39,0.6902654867256637,0.8478260869565217,18.95,0.33539823008849556,0.04830107627962899,0.41195652173913044,0.3548672566371681
A4_w1,A4,Luca,spaceranger,67,76,60,0.8391608391608392,0.7894736842105263,32.0,0.4475524475524476,0.03778812891218545,0.42105263157894735,0.39160839160839156
A4_w1,A4,model:deepseek_flash_nothink,cellpose_rgb,72,62,31,0.4626865671641791,0.5,25.7,0.3835820895522389,0.04578466164232228,0.41451612903225804,0.07910447761194023
A4_w1,A4,model:deepseek_flash_nothink,stardist_he,72,46,24,0.4067796610169492,0.5217391304347826,19.25,0.32627118644067793,0.03384529753850145,0.41847826086956524,0.08050847457627125
A4_w1,A4,model:deepseek_flash_nothink,spaceranger,72,76,43,0.581081081081081,0.5657894736842105,34.75,0.46959459459459457,0.036229071941768935,0.45723684210526316,0.11148648648648646
A4_w1,A4,model:deepseek_flash_think,cellpose_rgb,98,62,44,0.55,0.7096774193548387,34.7,0.43375,0.030129926982984872,0.5596774193548387,0.11625000000000002
A4_w1,A4,model:deepseek_flash_think,stardist_he,98,46,33,0.4583333333333333,0.717391304347826,24.85,0.3451388888888889,0.05680453680151409,0.5402173913043479,0.11319444444444443
A4_w1,A4,model:deepseek_flash_think,spaceranger,98,76,55,0.632183908045977,0.7236842105263158,42.1,0.4839080459770114,0.0434507084400823,0.5539473684210526,0.1482758620689656
A4_w1,A4,model:gpt6_astra,cellpose_rgb,80,62,57,0.8028169014084507,0.9193548387096774,28.85,0.4063380281690141,0.04613079221172484,0.4653225806451613,0.39647887323943665
A4_w1,A4,model:gpt6_astra,stardist_he,80,46,43,0.6825396825396826,0.9347826086956522,21.15,0.33571428571428574,0.03929172633170337,0.45978260869565213,0.3468253968253968
A4_w1,A4,model:gpt6_astra,spaceranger,80,76,66,0.8461538461538461,0.868421052631579,36.2,0.4641025641025641,0.04244344963396627,0.47631578947368425,0.382051282051282
A4_w2,A4,Federica,cellpose_rgb,104,100,96,0.9411764705882353,0.96,52.25,0.5122549019607843,0.028729839729593355,0.5225,0.428921568627451
A4_w2,A4,Federica,stardist_he,104,96,93,0.93,0.96875,51.1,0.511,0.03562302626111376,0.5322916666666667,0.41900000000000004
A4_w2,A4,Federica,spaceranger,104,119,98,0.8789237668161435,0.8235294117647058,62.4,0.5596412556053812,0.03569461657781597,0.5243697478991597,0.31928251121076223
A4_w2,A4,Luca,cellpose_rgb,118,100,98,0.8990825688073395,0.98,57.25,0.525229357798165,0.030410456961407737,0.5725,0.37385321100917446
A4_w2,A4,Luca,stardist_he,118,96,95,0.8878504672897196,0.9895833333333334,56.8,0.5308411214953271,0.0336448598130841,0.5916666666666667,0.3570093457943925
A4_w2,A4,Luca,spaceranger,118,119,109,0.919831223628692,0.9159663865546218,69.3,0.5848101265822786,0.027487759451311978,0.5823529411764705,0.33502109704641336
A4_w2,A4,model:deepseek_flash_nothink,cellpose_rgb,184,100,97,0.6830985915492958,0.97,74.15,0.5221830985915492,0.028281027291485954,0.7415,0.16091549295774654
A4_w2,A4,model:deepseek_flash_nothink,stardist_he,184,96,94,0.6714285714285714,0.9791666666666666,72.75,0.5196428571428572,0.025241183548692307,0.7578125,0.1517857142857142
A4_w2,A4,model:deepseek_flash_nothink,spaceranger,184,119,116,0.7656765676567657,0.9747899159663865,90.5,0.5973597359735974,0.018843699569135567,0.7605042016806722,0.16831683168316836
A4_w2,A4,model:deepseek_flash_think,cellpose_rgb,253,100,98,0.5552407932011332,0.98,84.35,0.47790368271954675,0.021220002413657228,0.8434999999999999,0.07733711048158642
A4_w2,A4,model:deepseek_flash_think,stardist_he,253,96,94,0.5386819484240688,0.9791666666666666,81.65,0.46790830945558737,0.013594471248454398,0.8505208333333334,0.07077363896848143
A4_w2,A4,model:deepseek_flash_think,spaceranger,253,119,116,0.6236559139784946,0.9747899159663865,102.65,0.5518817204301076,0.019847012861593807,0.8626050420168068,0.07177419354838699
A4_w2,A4,model:gpt6_astra,cellpose_rgb,123,100,95,0.852017937219731,0.95,60.3,0.5408071748878922,0.023745654340580687,0.603,0.31121076233183875
A4_w2,A4,model:gpt6_astra,stardist_he,123,96,91,0.8310502283105022,0.9479166666666666,57.4,0.524200913242009,0.038028607878825595,0.5979166666666667,0.3068493150684932
A4_w2,A4,model:gpt6_astra,spaceranger,123,119,105,0.8677685950413223,0.8823529411764706,69.85,0.5772727272727273,0.02694202200446783,0.5869747899159663,0.29049586776859504
A4_w3,A4,Luca,cellpose_rgb,108,98,95,0.9223300970873787,0.9693877551020408,52.0,0.5048543689320388,0.03335060978119935,0.5306122448979592,0.41747572815533984
A4_w3,A4,Luca,stardist_he,108,86,86,0.8865979381443299,1.0,47.2,0.48659793814432983,0.03782254912957554,0.5488372093023256,0.4
A4_w3,A4,Luca,spaceranger,108,111,99,0.9041095890410958,0.8918918918918919,59.9,0.5470319634703197,0.03452248067842155,0.5396396396396397,0.35707762557077616
A4_w3,A4,model:deepseek_flash_nothink,cellpose_rgb,184,98,94,0.6666666666666666,0.9591836734693877,73.35,0.5202127659574468,0.03483670328229544,0.748469387755102,0.14645390070921982
A4_w3,A4,model:deepseek_flash_nothink,stardist_he,184,86,81,0.6,0.9418604651162791,63.85,0.4729629629629629,0.02683843853998861,0.7424418604651163,0.12703703703703706
A4_w3,A4,model:deepseek_flash_nothink,spaceranger,184,111,106,0.7186440677966102,0.954954954954955,83.15,0.5637288135593219,0.023803755747879015,0.7490990990990991,0.15491525423728825
A4_w3,A4,model:deepseek_flash_think,cellpose_rgb,193,98,94,0.6460481099656358,0.9591836734693877,74.0,0.5085910652920962,0.0242992021026305,0.7551020408163265,0.13745704467353959
A4_w3,A4,model:deepseek_flash_think,stardist_he,193,86,84,0.6021505376344086,0.9767441860465116,64.75,0.46415770609319,0.0212499768570346,0.752906976744186,0.1379928315412186
A4_w3,A4,model:deepseek_flash_think,spaceranger,193,111,108,0.7105263157894737,0.972972972972973,83.9,0.5519736842105264,0.022685446907324557,0.7558558558558559,0.15855263157894728
A4_w3,A4,model:gpt6_astra,cellpose_rgb,119,98,92,0.847926267281106,0.9387755102040817,55.0,0.5069124423963133,0.03152558779075957,0.5612244897959183,0.3410138248847927
A4_w3,A4,model:gpt6_astra,stardist_he,119,86,83,0.8097560975609757,0.9651162790697675,50.85,0.49609756097560986,0.02764179817855062,0.5912790697674418,0.3136585365853658
A4_w3,A4,model:gpt6_astra,spaceranger,119,111,102,0.8869565217391304,0.918918918918919,64.8,0.5634782608695652,0.029692819267763255,0.5837837837837837,0.3234782608695652
A4_w4,A4,Federica,cellpose_rgb,97,90,85,0.9090909090909091,0.9444444444444444,45.8,0.4898395721925134,0.04191640201554101,0.5088888888888888,0.41925133689839567
A4_w4,A4,Federica,stardist_he,97,86,85,0.9289617486338798,0.9883720930232558,43.45,0.474863387978142,0.04719426359135826,0.5052325581395349,0.45409836065573783
A4_w4,A4,Federica,spaceranger,97,111,92,0.8846153846153846,0.8288288288288288,55.8,0.5365384615384616,0.03283340592108437,0.5027027027027027,0.34807692307692295
A4_w4,A4,Luca,cellpose_rgb,111,90,87,0.8656716417910447,0.9666666666666667,48.6,0.4835820895522388,0.03215023765453435,0.54,0.3820895522388059
A4_w4,A4,Luca,stardist_he,111,86,84,0.8527918781725888,0.9767441860465116,46.9,0.47614213197969535,0.042579120762458414,0.5453488372093023,0.3766497461928935
A4_w4,A4,Luca,spaceranger,111,111,101,0.9099099099099099,0.9099099099099099,61.9,0.5576576576576577,0.03441158424285456,0.5576576576576576,0.3522522522522522
A4_w4,A4,model:deepseek_flash_nothink,cellpose_rgb,138,90,82,0.7192982456140351,0.9111111111111111,56.5,0.49561403508771934,0.04319674474471977,0.6277777777777778,0.22368421052631576
A4_w4,A4,model:deepseek_flash_nothink,stardist_he,138,86,82,0.7321428571428571,0.9534883720930233,54.95,0.4906249999999999,0.029270874942474125,0.6389534883720931,0.24151785714285717
A4_w4,A4,model:deepseek_flash_nothink,spaceranger,138,111,102,0.8192771084337349,0.918918918918919,70.35,0.5650602409638554,0.025434721339066664,0.6337837837837837,0.2542168674698795
A4_w4,A4,model:deepseek_flash_think,cellpose_rgb,150,90,73,0.6083333333333333,0.8111111111111111,60.0,0.5,0.019543398999264296,0.6666666666666666,0.10833333333333328
A4_w4,A4,model:deepseek_flash_think,stardist_he,150,86,69,0.5847457627118644,0.8023255813953488,57.7,0.48898305084745763,0.030801325161671604,0.6709302325581395,0.09576271186440677
A4_w4,A4,model:deepseek_flash_think,spaceranger,150,111,93,0.7126436781609196,0.8378378378378378,74.4,0.5701149425287355,0.024401047246115973,0.6702702702702703,0.14252873563218404
A4_w4,A4,model:gpt6_astra,cellpose_rgb,123,90,88,0.8262910798122066,0.9777777777777777,52.85,0.4962441314553992,0.03885951539281743,0.5872222222222222,0.3300469483568074
A4_w4,A4,model:gpt6_astra,stardist_he,123,86,84,0.8038277511961722,0.9767441860465116,50.85,0.4866028708133972,0.028910768114872323,0.5912790697674418,0.317224880382775
A4_w4,A4,model:gpt6_astra,spaceranger,123,111,101,0.8632478632478633,0.9099099099099099,67.5,0.5769230769230769,0.044370418298862936,0.6081081081081081,0.2863247863247864
A5_w1,A5,Luca,cellpose_rgb,104,77,71,0.7845303867403315,0.922077922077922,9.2,0.10165745856353592,0.028084563595886923,0.11948051948051946,0.6828729281767956
A5_w1,A5,Luca,stardist_he,104,94,73,0.7373737373737373,0.776595744680851,9.75,0.09848484848484848,0.03011304077932089,0.10372340425531915,0.6388888888888888
A5_w1,A5,Luca,spaceranger,104,72,60,0.6818181818181818,0.8333333333333334,9.45,0.10738636363636363,0.031011486474989063,0.13124999999999998,0.5744318181818181
A5_w1,A5,model:deepseek_flash_nothink,cellpose_rgb,112,77,7,0.07407407407407407,0.09090909090909091,9.85,0.1042328042328042,0.03300416967989565,0.1279220779220779,-0.030158730158730135
A5_w1,A5,model:deepseek_flash_nothink,stardist_he,112,94,9,0.08737864077669903,0.09574468085106383,10.85,0.10533980582524272,0.024804827749594593,0.11542553191489362,-0.017961165048543684
A5_w1,A5,model:deepseek_flash_nothink,spaceranger,112,72,5,0.05434782608695652,0.06944444444444445,8.9,0.09673913043478262,0.02143813361230002,0.12361111111111112,-0.0423913043478261
A5_w1,A5,model:deepseek_flash_think,cellpose_rgb,301,77,33,0.1746031746031746,0.42857142857142855,23.6,0.12486772486772486,0.018959230547268696,0.3064935064935065,0.04973544973544973
A5_w1,A5,model:deepseek_flash_think,stardist_he,301,94,38,0.19240506329113924,0.40425531914893614,25.9,0.1311392405063291,0.01831904052164612,0.275531914893617,0.06126582278481013
A5_w1,A5,model:deepseek_flash_think,spaceranger,301,72,26,0.13941018766756033,0.3611111111111111,22.05,0.11823056300268098,0.016911344544675775,0.30625,0.021179624664879354
A5_w1,A5,model:gpt6_astra,cellpose_rgb,125,77,65,0.6435643564356436,0.8441558441558441,10.75,0.10643564356435646,0.029182737927107908,0.1396103896103896,0.5371287128712872
A5_w1,A5,model:gpt6_astra,stardist_he,125,94,80,0.730593607305936,0.851063829787234,12.65,0.11552511415525113,0.027590641716932957,0.1345744680851064,0.6150684931506849
A5_w1,A5,model:gpt6_astra,spaceranger,125,72,67,0.6802030456852792,0.9305555555555556,10.5,0.10659898477157362,0.024131704211177087,0.14583333333333334,0.5736040609137056
A5_w2,A5,Federica,cellpose_rgb,54,50,47,0.9038461538461539,0.94,4.75,0.09134615384615383,0.05536157373263378,0.095,0.8125
A5_w2,A5,Federica,stardist_he,54,62,48,0.8275862068965517,0.7741935483870968,5.6,0.09655172413793103,0.024014462546869172,0.09032258064516129,0.7310344827586207
A5_w2,A5,Federica,spaceranger,54,37,30,0.6593406593406593,0.8108108108108109,2.5,0.05494505494505494,0.03440104580768907,0.06756756756756757,0.6043956043956044
A5_w2,A5,Luca,cellpose_rgb,50,50,45,0.9,0.9,4.2,0.084,0.03773592452822641,0.084,0.8160000000000001
A5_w2,A5,Luca,stardist_he,50,62,43,0.7678571428571429,0.6935483870967742,4.6,0.08214285714285714,0.03928571428571429,0.07419354838709677,0.6857142857142857
A5_w2,A5,Luca,spaceranger,50,37,27,0.6206896551724138,0.7297297297297297,3.1,0.07126436781609194,0.029885057471264367,0.08378378378378379,0.5494252873563219
A5_w2,A5,model:deepseek_flash_nothink,cellpose_rgb,61,50,18,0.32432432432432434,0.36,5.2,0.09369369369369371,0.0388955552160773,0.10400000000000001,0.23063063063063063
A5_w2,A5,model:deepseek_flash_nothink,stardist_he,61,62,17,0.2764227642276423,0.27419354838709675,4.8,0.07804878048780488,0.03510086690231366,0.07741935483870968,0.1983739837398374
A5_w2,A5,model:deepseek_flash_nothink,spaceranger,61,37,12,0.24489795918367346,0.32432432432432434,3.3,0.0673469387755102,0.03599018793581306,0.08918918918918918,0.17755102040816326
A5_w2,A5,model:deepseek_flash_think,cellpose_rgb,98,50,7,0.0945945945945946,0.14,8.1,0.10945945945945945,0.04271210980886246,0.162,-0.014864864864864852
A5_w2,A5,model:deepseek_flash_think,stardist_he,98,62,7,0.0875,0.11290322580645161,8.45,0.10562500000000001,0.028905827699617945,0.13629032258064516,-0.018125000000000016
A5_w2,A5,model:deepseek_flash_think,spaceranger,98,37,4,0.05925925925925926,0.10810810810810811,5.45,0.08074074074074075,0.02410539273373775,0.1472972972972973,-0.02148148148148149
A5_w2,A5,model:gpt6_astra,cellpose_rgb,80,50,45,0.6923076923076923,0.9,5.9,0.09076923076923075,0.03259941553910322,0.11800000000000001,0.6015384615384616
A5_w2,A5,model:gpt6_astra,stardist_he,80,62,56,0.7887323943661971,0.9032258064516129,7.15,0.10070422535211268,0.04548118279568317,0.1153225806451613,0.6880281690140845
A5_w2,A5,model:gpt6_astra,spaceranger,80,37,36,0.6153846153846154,0.972972972972973,4.15,0.07094017094017094,0.03164702321636516,0.11216216216216217,0.5444444444444445
A5_w3,A5,Luca,cellpose_rgb,58,42,34,0.68,0.8095238095238095,4.05,0.081,0.04493328387732195,0.09642857142857142,0.5990000000000001
A5_w3,A5,Luca,stardist_he,58,45,23,0.44660194174757284,0.5111111111111111,3.1,0.060194174757281546,0.03124946978530307,0.06888888888888889,0.3864077669902913
A5_w3,A5,Luca,spaceranger,58,11,5,0.14492753623188406,0.45454545454545453,1.2,0.03478260869565218,0.021690767459559078,0.10909090909090909,0.11014492753623188
A5_w3,A5,model:deepseek_flash_nothink,cellpose_rgb,58,42,15,0.3,0.35714285714285715,3.9,0.07800000000000001,0.03515679166249389,0.09285714285714286,0.22199999999999998
A5_w3,A5,model:deepseek_flash_nothink,stardist_he,58,45,11,0.21359223300970873,0.24444444444444444,2.8,0.05436893203883495,0.03765188238769964,0.06222222222222222,0.15922330097087378
A5_w3,A5,model:deepseek_flash_nothink,spaceranger,58,11,4,0.11594202898550725,0.36363636363636365,0.9,0.02608695652173913,0.03417340905087419,0.08181818181818182,0.08985507246376812
A5_w3,A5,model:deepseek_flash_think,cellpose_rgb,139,42,9,0.09944751381215469,0.21428571428571427,9.25,0.10220994475138119,0.022611471745504003,0.22023809523809523,-0.0027624309392264984
A5_w3,A5,model:deepseek_flash_think,stardist_he,139,45,7,0.07608695652173914,0.15555555555555556,6.6,0.07173913043478261,0.019565217391304353,0.14666666666666667,0.004347826086956524
A5_w3,A5,model:deepseek_flash_think,spaceranger,139,11,3,0.04,0.2727272727272727,1.75,0.023333333333333334,0.014529663145135579,0.1590909090909091,0.016666666666666666
A5_w3,A5,model:gpt6_astra,cellpose_rgb,77,42,35,0.5882352941176471,0.8333333333333334,5.55,0.09327731092436975,0.037003426649250416,0.13214285714285715,0.49495798319327733
A5_w3,A5,model:gpt6_astra,stardist_he,77,45,34,0.5573770491803278,0.7555555555555555,4.85,0.07950819672131147,0.028049079725030613,0.10777777777777776,0.47786885245901634
A5_w3,A5,model:gpt6_astra,spaceranger,77,11,8,0.18181818181818182,0.7272727272727273,0.8,0.01818181818181818,0.01846372364689991,0.07272727272727274,0.16363636363636364
A5_w4,A5,Federica,cellpose_rgb,94,84,73,0.8202247191011236,0.8690476190476191,10.2,0.11460674157303367,0.03268098780280671,0.12142857142857141,0.70561797752809
A5_w4,A5,Federica,stardist_he,94,106,80,0.8,0.7547169811320755,11.35,0.1135,0.029542342493444895,0.1070754716981132,0.6865
A5_w4,A5,Federica,spaceranger,94,82,69,0.7840909090909091,0.8414634146341463,8.45,0.09602272727272727,0.023142513470927616,0.10304878048780487,0.6880681818181817
A5_w4,A5,Luca,cellpose_rgb,84,84,76,0.9047619047619048,0.9047619047619048,9.9,0.11785714285714285,0.029856990961867745,0.11785714285714285,0.7869047619047619
A5_w4,A5,Luca,stardist_he,84,106,71,0.7473684210526316,0.6698113207547169,9.65,0.10157894736842106,0.0218975200660155,0.09103773584905661,0.6457894736842105
A5_w4,A5,Luca,spaceranger,84,82,60,0.7228915662650602,0.7317073170731707,8.35,0.10060240963855423,0.030781894677207752,0.10182926829268292,0.622289156626506
A5_w4,A5,model:deepseek_flash_nothink,cellpose_rgb,111,84,17,0.17435897435897435,0.20238095238095238,12.65,0.12974358974358977,0.032800474652199756,0.1505952380952381,0.044615384615384585
A5_w4,A5,model:deepseek_flash_nothink,stardist_he,111,106,17,0.15668202764976957,0.16037735849056603,12.55,0.11566820276497695,0.02446739899070651,0.11839622641509434,0.04101382488479262
A5_w4,A5,model:deepseek_flash_nothink,spaceranger,111,82,17,0.17616580310880828,0.2073170731707317,10.6,0.10984455958549222,0.029383309593280463,0.12926829268292683,0.06632124352331606
A5_w4,A5,model:deepseek_flash_think,cellpose_rgb,194,84,25,0.17985611510791366,0.2976190476190476,20.3,0.1460431654676259,0.025748964270752923,0.24166666666666667,0.03381294964028775
A5_w4,A5,model:deepseek_flash_think,stardist_he,194,106,22,0.14666666666666667,0.20754716981132076,21.15,0.14100000000000001,0.030570501395226667,0.19952830188679244,0.005666666666666653
A5_w4,A5,model:deepseek_flash_think,spaceranger,194,82,19,0.13768115942028986,0.23170731707317074,16.35,0.11847826086956523,0.02091116526160591,0.19939024390243903,0.01920289855072463
A5_w4,A5,model:gpt6_astra,cellpose_rgb,139,84,71,0.6367713004484304,0.8452380952380952,15.05,0.1349775784753363,0.02431055814964986,0.17916666666666667,0.5017937219730941
A5_w4,A5,model:gpt6_astra,stardist_he,139,106,83,0.6775510204081633,0.7830188679245284,15.4,0.12571428571428572,0.026627765600489944,0.14528301886792452,0.5518367346938775
A5_w4,A5,model:gpt6_astra,spaceranger,139,82,73,0.6606334841628959,0.8902439024390244,12.75,0.11538461538461539,0.036184951988280104,0.15548780487804878,0.5452488687782805
A6_w1,A6,Luca,cellpose_rgb,51,29,23,0.575,0.7931034482758621,0.95,0.023750000000000004,0.024334902917414733,0.03275862068965517,0.5512499999999999
A6_w1,A6,Luca,stardist_he,51,47,40,0.8163265306122449,0.851063829787234,1.5,0.030612244897959183,0.020912144420325712,0.031914893617021274,0.7857142857142857
A6_w1,A6,Luca,spaceranger,51,58,45,0.8256880733944955,0.7758620689655172,1.75,0.03211009174311927,0.02161324585209128,0.03017241379310345,0.7935779816513762
A6_w1,A6,model:deepseek_flash_nothink,cellpose_rgb,70,29,4,0.08080808080808081,0.13793103448275862,1.05,0.021212121212121217,0.0185979319591131,0.03620689655172414,0.0595959595959596
A6_w1,A6,model:deepseek_flash_nothink,stardist_he,70,47,2,0.03418803418803419,0.0425531914893617,1.75,0.02991452991452992,0.01862777326299433,0.03723404255319149,0.004273504273504272
A6_w1,A6,model:deepseek_flash_nothink,spaceranger,70,58,3,0.046875,0.05172413793103448,2.75,0.04296875,0.022575286369999826,0.04741379310344827,0.00390625
A6_w1,A6,model:deepseek_flash_think,cellpose_rgb,107,29,1,0.014705882352941176,0.034482758620689655,1.7,0.025,0.01865967285360224,0.05862068965517241,-0.010294117647058825
A6_w1,A6,model:deepseek_flash_think,stardist_he,107,47,2,0.025974025974025976,0.0425531914893617,2.5,0.032467532467532464,0.01904269908911062,0.05319148936170213,-0.006493506493506489
A6_w1,A6,model:deepseek_flash_think,spaceranger,107,58,4,0.048484848484848485,0.06896551724137931,3.15,0.038181818181818185,0.022440616462513475,0.054310344827586204,0.0103030303030303
A6_w1,A6,model:gpt6_astra,cellpose_rgb,77,29,27,0.5094339622641509,0.9310344827586207,0.9,0.016981132075471698,0.01677017814587847,0.03103448275862069,0.49245283018867925
A6_w1,A6,model:gpt6_astra,stardist_he,77,47,43,0.6935483870967742,0.9148936170212766,2.3,0.037096774193548385,0.026551738117990855,0.04893617021276595,0.6564516129032258
A6_w1,A6,model:gpt6_astra,spaceranger,77,58,51,0.7555555555555555,0.8793103448275862,2.5,0.037037037037037035,0.027115563285515742,0.04310344827586207,0.7185185185185186
A6_w2,A6,Luca,cellpose_rgb,60,11,9,0.2535211267605634,0.8181818181818182,0.8,0.02253521126760563,0.02455717714670802,0.07272727272727274,0.23098591549295774
A6_w2,A6,Luca,stardist_he,60,47,43,0.8037383177570093,0.9148936170212766,1.5,0.02803738317757009,0.017232793378117547,0.031914893617021274,0.7757009345794392
A6_w2,A6,Luca,spaceranger,60,66,55,0.873015873015873,0.8333333333333334,1.95,0.030952380952380953,0.019745802070832902,0.029545454545454545,0.8420634920634921
A6_w2,A6,model:deepseek_flash_nothink,cellpose_rgb,69,14,0,0.0,0.0,0.9,0.02168674698795181,0.016867469879518072,0.0642857142857143,-0.02168674698795181
A6_w2,A6,model:deepseek_flash_nothink,stardist_he,69,56,2,0.032,0.03571428571428571,2.4,0.038400000000000004,0.02110544953323667,0.04285714285714286,-0.006400000000000003
A6_w2,A6,model:deepseek_flash_nothink,spaceranger,69,67,2,0.029411764705882353,0.029850746268656716,2.5,0.036764705882352935,0.02156305632149291,0.03731343283582089,-0.007352941176470583
A6_w2,A6,model:deepseek_flash_think,cellpose_rgb,146,14,2,0.025,0.14285714285714285,1.3,0.016250000000000004,0.01125,0.09285714285714286,0.008749999999999997
A6_w2,A6,model:deepseek_flash_think,stardist_he,146,56,1,0.009900990099009901,0.017857142857142856,4.85,0.04801980198019802,0.02011509866723767,0.08660714285714285,-0.03811881188118812
A6_w2,A6,model:deepseek_flash_think,spaceranger,146,67,1,0.009389671361502348,0.014925373134328358,5.3,0.04976525821596245,0.027067671935022675,0.0791044776119403,-0.040375586854460105
A6_w2,A6,model:gpt6_astra,cellpose_rgb,70,14,10,0.23809523809523808,0.7142857142857143,0.95,0.022619047619047622,0.02058525769736974,0.06785714285714285,0.21547619047619046
A6_w2,A6,model:gpt6_astra,stardist_he,70,56,44,0.6984126984126984,0.7857142857142857,2.2,0.03492063492063492,0.02684370559569486,0.03928571428571429,0.6634920634920635
A6_w2,A6,model:gpt6_astra,spaceranger,70,67,59,0.8613138686131386,0.8805970149253731,2.45,0.03576642335766424,0.016305334236269106,0.03656716417910448,0.8255474452554744
A6_w3,A6,Federica,cellpose_rgb,58,23,13,0.32098765432098764,0.5652173913043478,1.75,0.043209876543209874,0.03011434794481597,0.07608695652173914,0.2777777777777778
A6_w3,A6,Federica,stardist_he,58,66,44,0.7096774193548387,0.6666666666666666,2.4,0.038709677419354833,0.017960530202677488,0.03636363636363636,0.6709677419354839
A6_w3,A6,Federica,spaceranger,58,70,51,0.796875,0.7285714285714285,2.0,0.03125,0.023175620272173948,0.02857142857142857,0.765625
A6_w3,A6,Luca,cellpose_rgb,62,21,19,0.4578313253012048,0.9047619047619048,1.05,0.025301204819277112,0.02581239191039584,0.05,0.4325301204819277
A6_w3,A6,Luca,stardist_he,62,59,47,0.7768595041322314,0.7966101694915254,2.45,0.04049586776859504,0.025324881728999278,0.041525423728813564,0.7363636363636363
A6_w3,A6,Luca,spaceranger,62,70,57,0.8636363636363636,0.8142857142857143,2.25,0.03409090909090908,0.017847301499075374,0.03214285714285714,0.8295454545454546
A6_w3,A6,model:deepseek_flash_nothink,cellpose_rgb,69,23,0,0.0,0.0,1.55,0.033695652173913036,0.025235188622269346,0.06739130434782609,-0.033695652173913036
A6_w3,A6,model:deepseek_flash_nothink,stardist_he,69,66,4,0.05925925925925926,0.06060606060606061,2.6,0.038518518518518514,0.024071224902625067,0.0393939393939394,0.020740740740740747
A6_w3,A6,model:deepseek_flash_nothink,spaceranger,69,70,4,0.05755395683453238,0.05714285714285714,2.5,0.035971223021582725,0.01957046116364812,0.03571428571428571,0.021582733812949652
A6_w3,A6,model:gpt6_astra,cellpose_rgb,77,23,16,0.32,0.6956521739130435,1.85,0.03700000000000001,0.0298496231131986,0.08043478260869566,0.283
A6_w3,A6,model:gpt6_astra,stardist_he,77,66,48,0.6713286713286714,0.7272727272727273,3.0,0.04195804195804196,0.02211382979138727,0.045454545454545456,0.6293706293706294
A6_w3,A6,model:gpt6_astra,spaceranger,77,70,58,0.7891156462585034,0.8285714285714286,2.6,0.03537414965986395,0.0216835067353867,0.037142857142857144,0.7537414965986394
A6_w4,A6,Federica,cellpose_rgb,62,58,47,0.7833333333333333,0.8103448275862069,2.05,0.03416666666666668,0.02553592241007427,0.03534482758620689,0.7491666666666666
A6_w4,A6,Federica,stardist_he,62,55,38,0.6495726495726496,0.6909090909090909,2.25,0.038461538461538464,0.021537783193767784,0.04090909090909091,0.6111111111111112
A6_w4,A6,Federica,spaceranger,62,70,56,0.8484848484848485,0.8,2.55,0.038636363636363635,0.02059435942283059,0.03642857142857143,0.8098484848484848
A6_w4,A6,Luca,cellpose_rgb,69,58,47,0.7401574803149606,0.8103448275862069,2.75,0.04330708661417322,0.03104999079233127,0.04741379310344827,0.6968503937007874
A6_w4,A6,Luca,stardist_he,69,49,41,0.6949152542372882,0.8367346938775511,1.8,0.030508474576271184,0.021837455469025636,0.036734693877551024,0.664406779661017
A6_w4,A6,Luca,spaceranger,69,70,57,0.8201438848920863,0.8142857142857143,3.55,0.051079136690647474,0.02822308668479573,0.05071428571428571,0.7690647482014389
A6_w4,A6,model:deepseek_flash_nothink,cellpose_rgb,68,58,6,0.09523809523809523,0.10344827586206896,1.5,0.023809523809523808,0.014634197551258553,0.02586206896551724,0.07142857142857142
A6_w4,A6,model:deepseek_flash_nothink,stardist_he,68,55,7,0.11382113821138211,0.12727272727272726,2.5,0.04065040650406504,0.024390243902439022,0.045454545454545456,0.07317073170731707
A6_w4,A6,model:deepseek_flash_nothink,spaceranger,68,70,10,0.14492753623188406,0.14285714285714285,3.1,0.04492753623188406,0.025475935987314416,0.04428571428571429,0.1
A6_w4,A6,model:deepseek_flash_think,cellpose_rgb,256,58,5,0.03184713375796178,0.08620689655172414,7.7,0.04904458598726115,0.01508626660169046,0.1327586206896552,-0.017197452229299366
A6_w4,A6,model:deepseek_flash_think,stardist_he,256,55,7,0.04501607717041801,0.12727272727272726,8.9,0.05723472668810289,0.01506800580560769,0.16181818181818183,-0.01221864951768488
A6_w4,A6,model:deepseek_flash_think,spaceranger,256,70,8,0.049079754601226995,0.11428571428571428,10.7,0.0656441717791411,0.015164671281359848,0.15285714285714286,-0.016564417177914105
A6_w4,A6,model:gpt6_astra,cellpose_rgb,78,58,42,0.6176470588235294,0.7241379310344828,2.85,0.04191176470588235,0.025587812707801937,0.04913793103448276,0.5757352941176471
A6_w4,A6,model:gpt6_astra,stardist_he,78,55,38,0.5714285714285714,0.6909090909090909,2.8,0.042105263157894736,0.018169993945254995,0.050909090909090904,0.5293233082706766
A6_w4,A6,model:gpt6_astra,spaceranger,78,70,54,0.7297297297297297,0.7714285714285715,3.45,0.046621621621621624,0.016810615276519905,0.04928571428571429,0.6831081081081081
