"A","roi","m","n_frag","n_reass","n_snapped","n_multipart","n_union_multi_after","n_snap_ok","n_snap_failed","n_len_lt_1e6","n_len_lt_1e6_multi","min_len"
"A1","r1","cellpose_rgb",140,140,0,0,0,0,0,0,0,0.0675850475614886
"A1","r2","cellpose_rgb",176,176,0,0,0,0,0,0,0,0.0195785604188329
"A1","r3","cellpose_rgb",106,103,0,3,0,0,0,0,0,0.0503154225142031
"A1","r4","cellpose_rgb",118,118,0,0,0,0,0,0,0,0.0396830772754601
"A1","r5","cellpose_rgb",98,92,0,4,0,0,0,0,0,0.00817199345118924
"A2","r1","cellpose_rgb",67,67,0,0,0,0,0,0,0,0.0551839935195556
"A2","r2","cellpose_rgb",23,23,0,0,0,0,0,0,0,0.08338751821045
"A2","r3","cellpose_rgb",39,39,0,0,0,0,0,0,0,0.011463433280796
"A2","r4","cellpose_rgb",36,36,0,0,0,0,0,0,0,0.127434776859186
"A2","r5","cellpose_rgb",21,21,0,0,0,0,0,0,0,0.0182393434207665
"A3","r1","cellpose_rgb",0,0,0,0,0,0,0,0,0,NA
"A3","r2","cellpose_rgb",15,14,1,1,1,0,1,1,1,2.00000023653502e-07
"A3","r3","cellpose_rgb",0,0,0,0,0,0,0,0,0,NA
"A3","r4","cellpose_rgb",3,3,0,0,0,0,0,0,0,2.64431852735025
"A3","r5","cellpose_rgb",4,4,0,0,0,0,0,0,0,0.050107900400608
"A4","f1","spaceranger",9,9,0,0,0,0,0,0,0,0.294519568841597
"A4","f1","stardist_he",9,9,0,0,0,0,0,0,0,0.787002720639083
"A4","f2","spaceranger",2,2,0,0,0,0,0,0,0,0.00182760552490754
"A4","f2","stardist_he",3,3,0,0,0,0,0,0,0,0.266492988982569
"A4","p1","spaceranger",2,2,0,0,0,0,0,0,0,0.812195334824217
"A4","p1","stardist_he",2,2,0,0,0,0,0,0,0,0.504991063920685
"A4","p2","spaceranger",5,5,0,0,0,0,0,0,0,0.529309722371815
"A4","p2","stardist_he",4,4,0,0,0,0,0,0,0,0.978555837245766
"A4","p3","spaceranger",0,0,0,0,0,0,0,0,0,NA
"A4","p3","stardist_he",0,0,0,0,0,0,0,0,0,NA
"A5","r1","cellpose_rgb",261,259,1,2,0,1,0,0,0,0.0319973320100978
"A5","r2","cellpose_rgb",127,122,0,5,0,0,0,0,0,0.0101497426313659
"A5","r3","cellpose_rgb",202,197,0,4,0,0,0,0,0,0.00291737407622787
"A5","r4","cellpose_rgb",167,167,8,1,8,0,8,1,1,2.00000023653502e-07
"A5","r5","cellpose_rgb",119,119,0,0,0,0,0,0,0,0.0107288089512442
"A6","r1","spaceranger",106,106,9,5,9,0,9,5,5,1.99999931282946e-07
"A6","r1","stardist_he",121,121,6,5,6,0,6,5,5,1.99999931282946e-07
"A6","r2","spaceranger",159,158,1,2,1,0,1,1,1,1.99999931282946e-07
"A6","r2","stardist_he",140,139,1,2,1,0,1,1,1,1.99999931282946e-07
"A6","r3","spaceranger",39,39,0,0,0,0,0,0,0,0.0837497192911238
"A6","r3","stardist_he",50,50,0,0,0,0,0,0,0,0.0152968066980243
"A6","r4","spaceranger",47,45,3,3,3,0,3,2,2,1.99999959704655e-07
"A6","r4","stardist_he",47,45,4,3,4,0,4,2,2,1.99999959704655e-07
"A6","r5","spaceranger",116,111,3,6,3,0,3,2,2,1.99999931282946e-07
"A6","r5","stardist_he",122,118,3,5,3,0,3,2,2,1.99999931282946e-07
