tp,n_a,n_b,precision_b_vs_a,recall_b_vs_a,f1_iou05,dice_binary,median_iou_matched,archetype,roi_id,method_a,method_b,density_a,density_b,delta_density_rel
4207,9064,4657,0.903371269057333,0.46414386584289496,0.6132206107426572,0.6288205282498539,0.8533333333333334,A1,r1,cellpose_rgb,stardist_he,10946.908999962183,5832.338746289498,-0.4672159285959492
6236,9064,10969,0.5685112590026438,0.6879964695498676,0.6225727549543254,0.635815956447202,0.6411263099186897,A1,r1,cellpose_rgb,cellpose_hed,10946.908999962183,13551.168504587584,0.23789907312049435
3341,7252,3714,0.899569197630587,0.4607004964147821,0.6093379536749954,0.6231484837168539,0.8459770114942529,A1,r2,cellpose_rgb,stardist_he,10263.607284919775,5439.536013938065,-0.47001713306681897
4862,7252,8753,0.5554666971324117,0.6704357418643133,0.6075601374570446,0.6380433797443223,0.6303413885692366,A1,r2,cellpose_rgb,cellpose_hed,10263.607284919775,12687.366058371705,0.2361507709880069
4093,8709,4442,0.9214317874831157,0.4699735905385234,0.6224621701771729,0.6304639910628694,0.8442211055276382,A1,r3,cellpose_rgb,stardist_he,10500.293586489268,5483.459218338271,-0.47778039031272035
5979,8709,10193,0.5865790248209556,0.6865311746469169,0.6326314675695693,0.6433268574679882,0.6346863468634686,A1,r3,cellpose_rgb,cellpose_hed,10500.293586489268,12476.659684769225,0.18822007994356924
3094,6963,3386,0.9137625516834023,0.4443487002728709,0.5979321673591651,0.6239141207587273,0.8436213991769548,A1,r4,cellpose_rgb,stardist_he,10585.800139026245,5299.943704087367,-0.4993346148159101
4938,6963,7940,0.6219143576826196,0.7091770788453253,0.6626853653626786,0.657292404913367,0.645441954167716,A1,r4,cellpose_rgb,cellpose_hed,10585.800139026245,12318.534244290484,0.16368475528611554
3667,7819,3966,0.9246091780131115,0.46898580381122906,0.6223165040305473,0.6332151572576241,0.8467741935483871,A1,r5,cellpose_rgb,stardist_he,10613.311218735671,5484.350787427449,-0.483257328990228
5558,7819,8705,0.6384836300976451,0.7108325872873769,0.672718470104091,0.6696178446172418,0.6486215130793445,A1,r5,cellpose_rgb,cellpose_hed,10613.311218735671,11969.879076140192,0.12781758957654735
3519,6596,3872,0.9088326446280992,0.5335051546391752,0.6723347344287351,0.6251918838651221,0.84375,A2,r1,cellpose_rgb,stardist_he,8794.073976618964,5201.749837682344,-0.4084937366330584
5016,6596,8819,0.568771969611067,0.7604608853850818,0.6507946805060006,0.7225374951438859,0.6554998145519191,A2,r1,cellpose_rgb,spaceranger,8794.073976618964,11811.411304985322,0.3431102963641917
3537,3872,8819,0.4010658804853158,0.9134814049586777,0.5574028839334961,0.5343796225236305,0.6596638655462185,A2,r1,stardist_he,spaceranger,5201.749837682344,11811.411304985322,1.2706611570247932
5355,6596,6402,0.8364573570759137,0.8118556701030928,0.8239729189106016,0.7960935859564495,0.8207217694994179,A2,r1,cellpose_rgb,cellpose_hed,8794.073976618964,8585.842771856369,-0.023678582340360615
3394,6858,3667,0.925552222525225,0.49489647127442404,0.6449406175771971,0.6002360820730352,0.8468995233986606,A2,r2,cellpose_rgb,stardist_he,7942.986722948589,4255.834645390484,-0.4642022209234366
4903,6858,7828,0.6263413387838528,0.7149314668999709,0.6677107449271414,0.6820905226743476,0.6572164948453608,A2,r2,cellpose_rgb,spaceranger,7942.986722948589,9040.892251865796,0.13822326125073062
3355,3667,7828,0.42858967807869186,0.9149168257431143,0.583732057416268,0.5468733522284616,0.6682692307692307,A2,r2,stardist_he,spaceranger,4255.834645390484,9040.892251865796,1.1243523316062178
4885,6858,6087,0.8025299819287005,0.7123067949839603,0.7547315565855542,0.7294156596916186,0.7912457912457912,A2,r2,cellpose_rgb,cellpose_hed,7942.986722948589,7055.145571128649,-0.11177673874926941
3155,5424,3464,0.910796766743649,0.5816740412979351,0.70994599459946,0.6720914488442695,0.8398791540785498,A2,r3,cellpose_rgb,stardist_he,7900.690293622618,5059.713658182427,-0.35958587539286374
4128,5424,6370,0.6480376766091052,0.7610619469026548,0.70001695777514,0.7255148648568761,0.6672220505803945,A2,r3,cellpose_rgb,spaceranger,7900.690293622618,9276.628592123729,0.1741541874653356
3139,3464,6370,0.49277864992150705,0.9061778290993071,0.6383973967866585,0.6036454668082225,0.6771084337349398,A2,r3,stardist_he,spaceranger,5059.713658182427,9276.628592123729,0.8334295612009239
4544,5424,5488,0.8279883381924198,0.8377581120943953,0.8328445747800587,0.8073113405981986,0.8217672220394245,A2,r3,cellpose_rgb,cellpose_hed,7900.690293622618,8005.85755210678,0.013311148086522515
3491,7468,3822,0.913396127681842,0.46746116764863416,0.6184233835252436,0.6017630265323882,0.8425287356321839,A2,r4,cellpose_rgb,stardist_he,7687.357437748974,3935.844625194451,-0.4880107166778299
4839,7468,6778,0.7139274122159929,0.6479646491697911,0.6793485890776358,0.6835581904935081,0.6784232365145229,A2,r4,cellpose_rgb,spaceranger,7687.357437748974,6971.6557071079105,-0.09310113864701945
3389,3822,6778,0.5,0.8867085295656725,0.639433962264151,0.6099533893983837,0.697594501718213,A2,r4,stardist_he,spaceranger,3935.844625194451,6971.6557071079105,0.7713239141810571
5362,7468,6370,0.8417582417582418,0.7179967862881629,0.7749674808498338,0.7516943255176818,0.794465862794958,A2,r4,cellpose_rgb,cellpose_hed,7687.357437748974,6558.711255327959,-0.1468184862692565
3188,6463,3429,0.9297171186934966,0.4932693795451029,0.644561261625556,0.6046588627183497,0.8558940296228432,A2,r5,cellpose_rgb,stardist_he,6622.8097851710945,3516.0278679830435,-0.46910329874554746
4598,6463,6536,0.7034883720930233,0.7114343184279747,0.7074390337718286,0.7010287046517936,0.6785714285714286,A2,r5,cellpose_rgb,spaceranger,6622.8097851710945,6686.401887800893,0.009601982344742138
3133,3429,6536,0.4793451652386781,0.9136774569845436,0.6288008028098344,0.5949810018061242,0.6995412844036697,A2,r5,stardist_he,spaceranger,3516.0278679830435,6686.401887800893,0.9016919486581096
4865,6463,6177,0.7875991581673952,0.7527464025994121,0.7697784810126582,0.7393163770512531,0.7660668380462725,A2,r5,cellpose_rgb,cellpose_hed,6622.8097851710945,6331.516927963631,-0.0439832739662382
2307,4175,2539,0.9086254430878299,0.5525748502994012,0.6872207327971404,0.6257986543091146,0.8473389355742297,A3,r1,cellpose_rgb,stardist_he,4178.945036129811,2547.5009475951,-0.3903961584633853
3127,4175,5187,0.6028532870638134,0.7489820359281437,0.6680196539201025,0.6927011854422735,0.6755218216318786,A3,r1,cellpose_rgb,spaceranger,4178.945036129811,5195.336709983233,0.24321728691476605
2366,2539,5187,0.45614035087719296,0.9318629381646317,0.6124773492104582,0.5802812484937865,0.693102621163866,A3,r1,stardist_he,spaceranger,2547.5009475951,5195.336709983233,1.0393855848759355
3240,4175,4656,0.6958762886597938,0.7760479041916167,0.7337787340052089,0.7187346712636702,0.7654763497895326,A3,r1,cellpose_rgb,cellpose_hed,4178.945036129811,4667.575584171881,0.11692677070828343
1600,3147,1720,0.9302325581395349,0.5084207181442644,0.6574892130675981,0.5986648554873882,0.8485765220679595,A3,r2,cellpose_rgb,stardist_he,3152.604824485724,1734.6386110414091,-0.44977607165706973
2228,3147,3572,0.6237402015677491,0.7079758500158881,0.6631939276678077,0.6657135047777332,0.6536075617461596,A3,r2,cellpose_rgb,spaceranger,3152.604824485724,3573.1538365812285,0.1333973128598849
1575,1720,3572,0.4409294512877939,0.9156976744186046,0.5952380952380952,0.5740955383053441,0.67828418230563,A3,r2,stardist_he,spaceranger,1734.6386110414091,3573.1538365812285,1.0598837209302328
2426,3147,3829,0.6335857926351528,0.7708929138862408,0.6955275229357798,0.6656392617160075,0.727589254153411,A3,r2,cellpose_rgb,cellpose_hed,3152.604824485724,3857.5538879263895,0.2236084452975048
2491,4308,2720,0.9158088235294117,0.5782265552460538,0.7088787706317586,0.6360712591932647,0.8541666666666666,A3,r3,cellpose_rgb,stardist_he,4300.450100136305,2720.9174860132002,-0.36729471970225647
3011,4308,4287,0.702355959878703,0.6989322191272052,0.7006399069226295,0.6694287674052716,0.6713286713286714,A3,r3,cellpose_rgb,spaceranger,4300.450100136305,4274.441330049413,-0.00604791812049332
2443,2720,4287,0.569862374620947,0.8981617647058824,0.6973026973026973,0.6293171933278207,0.6894639556377079,A3,r3,stardist_he,spaceranger,2720.9174860132002,4274.441330049413,0.5709558823529411
3331,4308,4856,0.6859555189456342,0.7732126276694522,0.7269751200349193,0.6987429191646533,0.75,A3,r3,cellpose_rgb,cellpose_hed,4300.450100136305,4854.636970449287,0.12886717841358442
3187,4830,3433,0.9283425575298573,0.6598343685300208,0.771390536124894,0.727553499175743,0.847926267281106,A3,r4,cellpose_rgb,stardist_he,4833.918574293251,3440.058554218228,-0.2883499170812604
3730,4830,5035,0.7408142999006951,0.772256728778468,0.7562088190572732,0.7251384695581697,0.673469387755102,A3,r4,cellpose_rgb,spaceranger,4833.918574293251,5027.3153995085495,0.04000829187396354
3143,3433,5035,0.6242303872889772,0.9155257792018643,0.7423240434577232,0.6790869834086328,0.6954314720812182,A3,r4,stardist_he,spaceranger,3440.058554218228,5027.3153995085495,0.46140401980774837
3893,4830,5422,0.718000737735153,0.8060041407867495,0.759461568474444,0.7278406660468674,0.7431192660550459,A3,r4,cellpose_rgb,cellpose_hed,4833.918574293251,5431.144003455518,0.1235489220563846
2404,4885,2617,0.9186090943828812,0.49211873080859775,0.6408957611303653,0.6106343071266727,0.8506780123771387,A3,r5,cellpose_rgb,stardist_he,4925.13772494087,2639.04288005124,-0.4641687141687142
3274,4885,4583,0.7143792275801877,0.6702149437052201,0.6915927334178285,0.6788569689115321,0.6795895446191547,A3,r5,cellpose_rgb,spaceranger,4925.13772494087,4616.560299913862,-0.06265356265356266
2326,2617,4583,0.5075278202051058,0.8888039740160489,0.6461111111111111,0.6069085030994754,0.6957925887802368,A3,r5,stardist_he,spaceranger,2639.04288005124,4616.560299913862,0.7493312953763851
3525,4885,4783,0.7369851557599832,0.721596724667349,0.7292097641704592,0.6929358825415683,0.7630922693266833,A3,r5,cellpose_rgb,cellpose_hed,4925.13772494087,4822.2785832652,-0.020884520884521012
16619,19529,16934,0.9813983701429078,0.8509908341440934,0.9115541782080465,0.8549404753370515,0.875,A4,f1,cellpose_rgb,stardist_he,19603.485475353737,17092.10748953014,-0.1281087482621904
15961,19529,23820,0.6700671704450042,0.8172973526550259,0.7363953032365221,0.7170751908738071,0.6088328075709779,A4,f1,cellpose_rgb,spaceranger,19603.485475353737,23929.75800237944,0.22068894495649058
15906,16934,23820,0.6677581863979849,0.9392937285933625,0.7805859547529077,0.6774602538319572,0.6218583105223867,A4,f1,stardist_he,spaceranger,17092.10748953014,23929.75800237944,0.4000472450245085
15321,19529,23178,0.6610147553714729,0.7845255773465103,0.7174936193129932,0.7186124768351007,0.6827586206896552,A4,f1,cellpose_rgb,cellpose_hed,19603.485475353737,23358.4396985305,0.19154523453993103
18127,20501,18625,0.9732617449664429,0.8842007706941125,0.9265961253386495,0.8590323939141518,0.8465608465608465,A4,f2,cellpose_rgb,stardist_he,20472.520896096183,18677.301555283357,-0.08768921765541579
15754,20501,25089,0.6279245884650644,0.7684503194966099,0.6911164729107261,0.6943037853794749,0.5925925925925926,A4,f2,cellpose_rgb,spaceranger,20472.520896096183,25046.820009753883,0.22343604565717912
17666,18625,25089,0.7041332855036072,0.9485100671140939,0.8082536487166583,0.6962400161931481,0.6242424242424243,A4,f2,stardist_he,spaceranger,18677.301555283357,25046.820009753883,0.3410299092520002
14126,20501,24252,0.58246742536698,0.6890395590459002,0.6312872880030389,0.6753998308319407,0.6320444040534334,A4,f2,cellpose_rgb,cellpose_hed,20472.520896096183,24300.650630108776,0.18698868368196722
22238,25672,22616,0.9832861690838345,0.8662355874104082,0.9210569913850232,0.8731065241772562,0.8681818181818182,A4,p1,cellpose_rgb,stardist_he,25548.52755890767,22632.298591589835,-0.11414469818637636
19696,25672,31221,0.6308574357003299,0.7672172016204425,0.6923874641871584,0.6855505833128891,0.5896483033383706,A4,p1,cellpose_rgb,spaceranger,25548.52755890767,31093.76596244511,0.21704727956441686
21133,22616,31221,0.6768841484897985,0.9344269543685886,0.7850734624886231,0.6794200648408252,0.61328125,A4,p1,stardist_he,spaceranger,22632.298591589835,31093.76596244511,0.37386690249834187
12313,25672,29782,0.4134376469008126,0.47962760984730446,0.4440797778338803,0.6176199201827792,0.5925925925925926,A4,p1,cellpose_rgb,cellpose_hed,25548.52755890767,29791.770805794287,0.16608562810920902
20981,24378,21444,0.9784088789404962,0.8606530478300106,0.9157609881716207,0.8574095450957664,0.8425925925925926,A4,p2,cellpose_rgb,stardist_he,24366.593504025754,21543.54873836597,-0.11585717819741073
17791,24378,29730,0.5984191052808611,0.7297973582738535,0.6576107045168922,0.6823559969326028,0.5854922279792746,A4,p2,cellpose_rgb,spaceranger,24366.593504025754,29713.299640268233,0.21942772326214238
20110,21444,29730,0.6764211234443324,0.9377914568177579,0.7859459881971314,0.6848558665109561,0.6170212765957447,A4,p2,stardist_he,spaceranger,21543.54873836597,29713.299640268233,0.37922029472113417
11780,24378,28741,0.40986743676281273,0.4832225777340225,0.4435324460174326,0.6175848535960907,0.5786433501150268,A4,p2,cellpose_rgb,cellpose_hed,24366.593504025754,28862.36764150886,0.18450564855281604
22579,25313,23083,0.9781657496859161,0.8919922569430727,0.9330936441028184,0.8709097544586567,0.8391304347826087,A4,p3,cellpose_rgb,stardist_he,25150.96003826176,23077.375560628,-0.08244553983145177
18660,25313,30231,0.6172471965862856,0.7371706237901473,0.671899755149071,0.6808090955752854,0.5839793281653747,A4,p3,cellpose_rgb,spaceranger,25150.96003826176,30057.9767288242,0.19510256002544124
21828,23083,30231,0.7220402897687804,0.9456309838409219,0.8188468319765915,0.7026830729628801,0.6180555555555556,A4,p3,stardist_he,spaceranger,23077.375560628,30057.9767288242,0.30248678624036046
15282,25313,29851,0.5119426484874878,0.6037214079721882,0.5540569936915379,0.6313267484446301,0.5911330049261084,A4,p3,cellpose_rgb,cellpose_hed,25150.96003826176,29825.023409977206,0.1858403561774527
1017,1478,1419,0.7167019027484144,0.6880920162381596,0.7021056265101829,0.8324554875884104,0.8726307808946171,A5,r1,cellpose_rgb,stardist_he,1698.523918248459,1902.2931649522995,0.11996842936069463
787,1478,991,0.7941473259334006,0.5324763193504736,0.6375050627784529,0.7340374842305335,0.7914325842696629,A5,r1,cellpose_rgb,spaceranger,1698.523918248459,1327.1812778736974,-0.21862667719021306
893,1419,991,0.9011099899091827,0.6293164200140944,0.7410788381742739,0.7465558810655926,0.7820620284995808,A5,r1,stardist_he,spaceranger,1902.2931649522995,1327.1812778736974,-0.3023255813953488
856,1478,1306,0.655436447166922,0.5791610284167794,0.6149425287356322,0.7778661509571659,0.8696957653641398,A5,r1,cellpose_rgb,cellpose_hed,1698.523918248459,1648.9221937218663,-0.02920284135753751
648,777,985,0.6578680203045685,0.833976833976834,0.735527809307605,0.8017911405525513,0.8778545589975995,A5,r2,cellpose_rgb,stardist_he,924.8863459862564,1172.4749688500162,0.2676962676962678
455,777,654,0.6957186544342507,0.5855855855855856,0.6359189378057303,0.6550563789182536,0.8082687338501292,A5,r2,cellpose_rgb,spaceranger,924.8863459862564,778.4757661197061,-0.15830115830115835
567,985,654,0.8669724770642202,0.5756345177664974,0.6918852959121415,0.6905686521642427,0.7784615384615384,A5,r2,stardist_he,spaceranger,1172.4749688500162,778.4757661197061,-0.3360406091370559
563,777,713,0.7896213183730715,0.7245817245817245,0.7557046979865771,0.7733998767028981,0.8722442057659695,A5,r2,cellpose_rgb,cellpose_hed,924.8863459862564,848.7052312589457,-0.08236808236808241
522,645,835,0.6251497005988024,0.8093023255813954,0.7054054054054054,0.7746826351918479,0.8700983317244224,A5,r3,cellpose_rgb,stardist_he,826.3457865571161,1069.7654756204524,0.2945736434108525
256,645,373,0.6863270777479893,0.39689922480620154,0.5029469548133595,0.4848745572203967,0.7963884649528856,A5,r3,cellpose_rgb,spaceranger,826.3457865571161,477.8712843190764,-0.4217054263565892
317,835,373,0.8498659517426274,0.37964071856287424,0.5248344370860927,0.5326564139250939,0.7710371819960861,A5,r3,stardist_he,spaceranger,1069.7654756204524,477.8712843190764,-0.5532934131736527
295,645,465,0.6344086021505376,0.4573643410852713,0.5315315315315315,0.5505888862844254,0.8463785046728972,A5,r3,cellpose_rgb,cellpose_hed,826.3457865571161,576.520316202639,-0.30232558139534893
426,524,748,0.56951871657754,0.8129770992366412,0.6698113207547169,0.7424456722330381,0.8645993491966646,A5,r4,cellpose_rgb,stardist_he,700.3200131121449,999.6934538318405,0.42748091603053445
252,524,361,0.6980609418282548,0.48091603053435117,0.5694915254237288,0.5334646327020816,0.7819070078244585,A5,r4,cellpose_rgb,spaceranger,700.3200131121449,481.13588687093926,-0.31297709923664124
317,748,361,0.8781163434903048,0.42379679144385024,0.5716862037871957,0.5731924233738289,0.7486772486772487,A5,r4,stardist_he,spaceranger,999.6934538318405,481.13588687093926,-0.518716577540107
331,524,471,0.70276008492569,0.6316793893129771,0.6653266331658292,0.7076843004750422,0.8634280476626948,A5,r4,cellpose_rgb,cellpose_hed,700.3200131121449,626.8131415068626,-0.10496183206106857
769,1008,1183,0.6500422654268808,0.7628968253968254,0.701962574167047,0.8078276491236228,0.8823933975240715,A5,r5,cellpose_rgb,stardist_he,1068.9590537558126,1360.074920925049,0.27233584499461777
532,1008,788,0.6751269035532995,0.5277777777777778,0.5924276169265034,0.6728288956807251,0.8094112349431498,A5,r5,cellpose_rgb,spaceranger,1068.9590537558126,905.5659583485732,-0.15285252960172235
675,1183,788,0.8565989847715736,0.5705832628909552,0.684931506849315,0.7060191331681285,0.7871569135163128,A5,r5,stardist_he,spaceranger,1360.074920925049,905.5659583485732,-0.3341793570219966
678,1008,1100,0.6163636363636363,0.6726190476190477,0.6432637571157496,0.7493239722228339,0.8710657310939232,A5,r5,cellpose_rgb,cellpose_hed,1068.9590537558126,1098.8760993937578,0.027987082884822344
328,681,509,0.6444007858546169,0.48164464023494863,0.5512605042016807,0.5268285556102362,0.7981919285722278,A6,r1,cellpose_rgb,stardist_he,724.2538849981784,542.3784699313712,-0.25112107623318386
438,681,677,0.6469719350073855,0.6431718061674009,0.6450662739322534,0.6794665169170293,0.6473297747521242,A6,r1,cellpose_rgb,spaceranger,724.2538849981784,729.6668437799286,0.007473841554559113
320,509,677,0.4726735598227474,0.6286836935166994,0.5396290050590219,0.4940955276283602,0.6926447772772026,A6,r1,stardist_he,spaceranger,542.3784699313712,729.6668437799286,0.3453093812375251
471,681,644,0.7313664596273292,0.6916299559471366,0.7109433962264151,0.5566434546155047,0.818705035971223,A6,r1,cellpose_rgb,cellpose_hed,724.2538849981784,648.4724620536754,-0.10463378176382664
390,549,725,0.5379310344827586,0.7103825136612022,0.6122448979591837,0.5237516869095816,0.7557896952993416,A6,r2,cellpose_rgb,stardist_he,598.8754085517755,798.8709067694372,0.33395176252319114
388,549,887,0.4374295377677565,0.7067395264116576,0.5403899721448467,0.5145067117807366,0.62,A6,r2,cellpose_rgb,spaceranger,598.8754085517755,982.2001134689602,0.6400742115027829
585,725,887,0.6595264937993236,0.8068965517241379,0.7258064516129032,0.6604055775728795,0.6655844155844156,A6,r2,stardist_he,spaceranger,798.8709067694372,982.2001134689602,0.2294853963838664
367,549,479,0.7661795407098121,0.668488160291439,0.7140077821011673,0.5641798963962077,0.8121212121212121,A6,r2,cellpose_rgb,cellpose_hed,598.8754085517755,522.2104675683386,-0.12801484230055662
158,322,949,0.16649104320337196,0.4906832298136646,0.24862313139260425,0.16167016270763648,0.701841918834126,A6,r3,cellpose_rgb,stardist_he,306.401531407817,974.0670305903913,2.179054054054054
124,322,1099,0.11282984531392175,0.38509316770186336,0.17452498240675582,0.1372680590773925,0.5941661697475651,A6,r3,cellpose_rgb,spaceranger,306.401531407817,1121.0569544414386,2.658783783783784
766,949,1099,0.6969972702456779,0.8071654373024236,0.748046875,0.6493648047323503,0.6356982552056967,A6,r3,stardist_he,spaceranger,974.0670305903913,1121.0569544414386,0.15090329436769395
151,322,393,0.3842239185750636,0.468944099378882,0.4223776223776224,0.13492583976424374,0.7871287128712872,A6,r3,cellpose_rgb,cellpose_hed,306.401531407817,397.49387858311394,0.29729729729729726
482,634,1079,0.44670991658943465,0.7602523659305994,0.5627553998832457,0.4518060302551668,0.7195887335442392,A6,r4,cellpose_rgb,stardist_he,658.821592898685,1141.6712945345291,0.7328990228013029
408,634,1242,0.3285024154589372,0.6435331230283912,0.4349680170575693,0.41681817071511074,0.6140860942077981,A6,r4,cellpose_rgb,spaceranger,658.821592898685,1312.2781891125273,0.99185667752443
906,1079,1242,0.7294685990338164,0.8396663577386468,0.7806979750107712,0.6913917041859379,0.6534902597402598,A6,r4,stardist_he,spaceranger,1141.6712945345291,1312.2781891125273,0.1494360902255639
487,634,772,0.6308290155440415,0.7681388012618297,0.6927453769559033,0.4717427129368936,0.7571428571428571,A6,r4,cellpose_rgb,cellpose_hed,658.821592898685,811.1874987482181,0.23127035830618903
399,591,894,0.4463087248322148,0.6751269035532995,0.5373737373737374,0.3911503072173142,0.7564766839378239,A6,r5,cellpose_rgb,stardist_he,630.0245206923724,976.3730791881793,0.5497382198952879
366,591,1079,0.3392029657089898,0.6192893401015228,0.43832335329341315,0.3778395205399744,0.6326785714285714,A6,r5,cellpose_rgb,spaceranger,630.0245206923724,1175.3860604191032,0.8656195462478184
721,894,1079,0.6682113067655236,0.8064876957494407,0.7308667004561581,0.6276160184072952,0.6678200692041523,A6,r5,stardist_he,spaceranger,976.3730791881793,1175.3860604191032,0.20382882882882875
314,591,476,0.6596638655462185,0.5313028764805414,0.5885660731021556,0.34100606635275355,0.8420112465755619,A6,r5,cellpose_rgb,cellpose_hed,630.0245206923724,505.77884732721003,-0.1972076788830715
