archetype,roi_id,method,scale,um_per_px,n_labels,n_keep,label_px_sum,tissue_frac,bubble_frac,seconds,seed,flow_threshold,cellprob_threshold
A1,r1,cellpose_rgb,1,0.2737612671531527,9064,8739,1631397,0.7987228209207317,0.0010419344910666333,7.4,0,0.4,0.0
A1,r1,cellpose_rgb,2,0.5475225343063054,7440,7439,447308,0.798736517312904,0.0010425051795352274,2.0,0,0.4,0.0
A1,r1,cellpose_rgb,4,1.0950450686126108,181,165,29713,0.798736517312904,0.0010425051795352274,0.6,0,0.4,0.0
A1,r2,cellpose_rgb,1,0.2737612671531527,7252,7004,1353003,0.6822033107648304,0.0,6.9,0,0.4,0.0
A1,r2,cellpose_rgb,2,0.5475225343063054,5676,5676,337278,0.6823430333901572,0.0,1.9,0,0.4,0.0
A1,r2,cellpose_rgb,4,1.0950450686126108,75,67,13029,0.6823430333901572,0.0,0.5,0,0.4,0.0
A1,r3,cellpose_rgb,1,0.2737612671531527,8709,8506,1654803,0.810074166641625,0.0008189197438417843,7.0,0,0.4,0.0
A1,r3,cellpose_rgb,2,0.5475225343063054,6841,6841,392681,0.8101476902332021,0.0008193682826496667,2.0,0,0.4,0.0
A1,r3,cellpose_rgb,4,1.0950450686126108,116,100,22898,0.8101476902332021,0.0008193682826496667,0.6,0,0.4,0.0
A1,r4,cellpose_rgb,1,0.2737612671531527,6964,6763,1373318,0.6388902648292629,0.0,6.9,0,0.4,0.0
A1,r4,cellpose_rgb,2,0.5475225343063054,5518,5518,326291,0.6388109442649619,0.0,1.9,0,0.4,0.0
A1,r4,cellpose_rgb,4,1.0950450686126108,275,273,18048,0.6388109442649619,0.0,0.6,0,0.4,0.0
A1,r5,cellpose_rgb,1,0.2737612671531527,7822,7675,1573666,0.7231059089990423,0.0,7.0,0,0.4,0.0
A1,r5,cellpose_rgb,2,0.5475225343063054,6392,6389,385179,0.7230763140183956,0.0,2.0,0,0.4,0.0
A1,r5,cellpose_rgb,4,1.0950450686126108,261,261,13680,0.7230763140183956,0.0,0.5,0,0.4,0.0
A2,r1,cellpose_rgb,1,0.2737012522439323,6596,6546,2983557,0.7443043276235055,0.0,7.5,0,0.4,0.0
A2,r1,cellpose_rgb,2,0.5474025044878646,5675,5675,709419,0.7443043276235055,0.0,2.0,0,0.4,0.0
A2,r1,cellpose_rgb,4,1.0948050089757293,1493,1493,84724,0.7442095375427829,0.0,0.6,0,0.4,0.0
A2,r2,cellpose_rgb,1,0.2737012522439323,6858,6844,3076560,0.8613086138141345,0.0,7.7,0,0.4,0.0
A2,r2,cellpose_rgb,2,0.5474025044878646,5837,5837,739655,0.8613086138141345,0.0,2.0,0,0.4,0.0
A2,r2,cellpose_rgb,4,1.0948050089757293,1544,1544,97189,0.8614607788917295,0.0,0.6,0,0.4,0.0
A2,r3,cellpose_rgb,1,0.2737012522439323,5425,5409,2649421,0.6846559648213009,0.0007717360075663683,7.3,0,0.4,0.0
A2,r3,cellpose_rgb,2,0.5474025044878646,4873,4872,659697,0.6846559648213009,0.0007717360075663683,1.9,0,0.4,0.0
A2,r3,cellpose_rgb,4,1.0948050089757293,2009,2008,135482,0.6844808288216092,0.0007725815139478556,0.6,0,0.4,0.0
A2,r4,cellpose_rgb,1,0.2737012522439323,7468,7465,3767292,0.9708807467145047,0.0,7.8,0,0.4,0.0
A2,r4,cellpose_rgb,2,0.5474025044878646,6533,6533,894942,0.9708807467145047,0.0,2.1,0,0.4,0.0
A2,r4,cellpose_rgb,4,1.0948050089757293,1826,1826,119081,0.9708722373312827,0.0,0.6,0,0.4,0.0
A2,r5,cellpose_rgb,1,0.2737012522439323,6463,6457,3273400,0.9750222368420658,0.0004697523524317024,7.5,0,0.4,0.0
A2,r5,cellpose_rgb,2,0.5474025044878646,5866,5865,792080,0.9750222368420658,0.0004697523524317024,2.0,0,0.4,0.0
A2,r5,cellpose_rgb,4,1.0948050089757293,1742,1742,101066,0.9750422580494236,0.00047026700848999903,0.6,0,0.4,0.0
A3,r1,cellpose_rgb,1,0.2737012522439323,4175,4165,2157180,0.9964367127041948,0.0,7.1,0,0.4,0.0
A3,r1,cellpose_rgb,2,0.5474025044878646,3854,3854,535860,0.9964367127041948,0.0,1.9,0,0.4,0.0
A3,r1,cellpose_rgb,4,1.0948050089757293,1775,1775,96241,0.9964550025252858,0.0,0.6,0,0.4,0.0
A3,r2,cellpose_rgb,1,0.2737012522439323,3147,3126,1361300,0.9923299746639308,0.0010940915759442456,6.8,0,0.4,0.0
A3,r2,cellpose_rgb,2,0.5474025044878646,2844,2843,345617,0.9923299746639308,0.0010940915759442456,1.9,0,0.4,0.0
A3,r2,cellpose_rgb,4,1.0948050089757293,930,930,46717,0.9923629597549813,0.001095290251916758,0.6,0,0.4,0.0
A3,r3,cellpose_rgb,1,0.2737012522439323,4308,4299,2197436,0.9994547517337846,0.0,7.3,0,0.4,0.0
A3,r3,cellpose_rgb,2,0.5474025044878646,3994,3994,559136,0.9994547517337846,0.0,1.9,0,0.4,0.0
A3,r3,cellpose_rgb,4,1.0948050089757293,1999,1997,104504,0.9994541543651455,0.0,0.6,0,0.4,0.0
A3,r4,cellpose_rgb,1,0.2737012522439323,4830,4824,2161364,0.997742312673517,0.0,7.1,0,0.4,0.0
A3,r4,cellpose_rgb,2,0.5474025044878646,4671,4671,545570,0.997742312673517,0.0,1.9,0,0.4,0.0
A3,r4,cellpose_rgb,4,1.0948050089757293,2294,2294,102242,0.9977398391734817,0.0,0.6,0,0.4,0.0
A3,r5,cellpose_rgb,1,0.2737012522439323,4885,4884,2373968,0.9914366063508241,0.0,7.2,0,0.4,0.0
A3,r5,cellpose_rgb,2,0.5474025044878646,4366,4366,579440,0.9914366063508241,0.0,2.0,0,0.4,0.0
A3,r5,cellpose_rgb,4,1.0948050089757293,1497,1497,78775,0.9914404206490405,0.0,0.6,0,0.4,0.0
A4,f1,cellpose_rgb,1,0.273775031262766,19529,19421,4390213,0.9904769105922937,0.0,7.9,0,0.4,0.0
A4,f1,cellpose_rgb,2,0.547550062525532,18358,18358,960132,0.9904926886676448,0.0,2.4,0,0.4,0.0
A4,f1,cellpose_rgb,4,1.095100125051064,703,703,18291,0.9904926886676448,0.0,0.6,0,0.4,0.0
A4,f2,cellpose_rgb,1,0.273775031262766,20501,20413,4254439,0.9968900833300298,0.0,7.8,0,0.4,0.0
A4,f2,cellpose_rgb,2,0.547550062525532,19469,19469,959904,0.9968928786939054,0.0,2.4,0,0.4,0.0
A4,f2,cellpose_rgb,4,1.095100125051064,874,874,22480,0.9968928786939054,0.0,0.6,0,0.4,0.0
A4,p1,cellpose_rgb,1,0.273775031262766,25672,25529,4775339,0.9990360007700604,0.0,8.0,0,0.4,0.0
A4,p1,cellpose_rgb,2,0.547550062525532,21055,21055,904276,0.9990354727683011,0.0,2.3,0,0.4,0.0
A4,p1,cellpose_rgb,4,1.095100125051064,74,74,1413,0.9990354727683011,0.0,0.5,0,0.4,0.0
A4,p2,cellpose_rgb,1,0.273775031262766,24379,24254,4609469,0.9951575225249766,0.0,7.9,0,0.4,0.0
A4,p2,cellpose_rgb,2,0.547550062525532,23302,23301,1041909,0.9951797631629775,0.0,2.5,0,0.4,0.0
A4,p2,cellpose_rgb,4,1.095100125051064,177,177,4515,0.9951797631629775,0.0,0.5,0,0.4,0.0
A4,p3,cellpose_rgb,1,0.273775031262766,25313,25156,4577180,1.0,0.0,7.9,0,0.4,0.0
A4,p3,cellpose_rgb,2,0.547550062525532,24165,24165,1044958,1.0,0.0,2.4,0,0.4,0.0
A4,p3,cellpose_rgb,4,1.095100125051064,2,2,43,1.0,0.0,0.5,0,0.4,0.0
A5,r1,cellpose_rgb,1,0.2740235311137736,1489,1267,1205989,0.7460517494253373,0.0,6.8,0,0.4,0.0
A5,r1,cellpose_rgb,2,0.5480470622275472,1154,1143,339536,0.746073311018775,0.0,1.8,0,0.4,0.0
A5,r1,cellpose_rgb,4,1.0960941244550944,1146,1140,136295,0.746073311018775,0.0,0.6,0,0.4,0.0
A5,r2,cellpose_rgb,1,0.2740235311137736,777,777,978827,0.8401943763372404,0.0,6.7,0,0.4,0.0
A5,r2,cellpose_rgb,2,0.5480470622275472,728,728,277998,0.8402513273314867,0.0,1.8,0,0.4,0.0
A5,r2,cellpose_rgb,4,1.0960941244550944,770,770,99558,0.8402513273314867,0.0,0.6,0,0.4,0.0
A5,r3,cellpose_rgb,1,0.2740235311137736,649,645,868004,0.7805392498393378,0.0,6.6,0,0.4,0.0
A5,r3,cellpose_rgb,2,0.5480470622275472,628,623,249563,0.7806825176977532,0.0,1.8,0,0.4,0.0
A5,r3,cellpose_rgb,4,1.0960941244550944,622,615,77513,0.7806825176977532,0.0,0.6,0,0.4,0.0
A5,r4,cellpose_rgb,1,0.2740235311137736,525,524,739386,0.7481566369144559,0.0,6.6,0,0.4,0.0
A5,r4,cellpose_rgb,2,0.5480470622275472,499,498,221747,0.7483612746229609,0.0,1.8,0,0.4,0.0
A5,r4,cellpose_rgb,4,1.0960941244550944,508,507,64083,0.7483612746229609,0.0,0.6,0,0.4,0.0
A5,r5,cellpose_rgb,1,0.2740235311137736,1008,929,1052538,0.8691916104007743,0.0,6.7,0,0.4,0.0
A5,r5,cellpose_rgb,2,0.5480470622275472,887,887,302272,0.8692229820714066,0.0,1.8,0,0.4,0.0
A5,r5,cellpose_rgb,4,1.0960941244550944,907,907,115432,0.8692229820714066,0.0,0.6,0,0.4,0.0
A6,r1,cellpose_rgb,1,0.2738114292042152,682,669,241642,0.9362956155999084,0.013842885232056375,6.5,0,0.4,0.0
A6,r1,cellpose_rgb,2,0.5476228584084304,681,672,81630,0.9362956155999084,0.013842885232056375,1.8,0,0.4,0.0
A6,r1,cellpose_rgb,4,1.0952457168168608,337,308,27784,0.9362956155999084,0.013842885232056375,0.5,0,0.4,0.0
A6,r2,cellpose_rgb,1,0.2738114292042152,550,539,225927,0.9145313705284146,0.016316585669572645,6.5,0,0.4,0.0
A6,r2,cellpose_rgb,2,0.5476228584084304,322,279,151605,0.9145313705284146,0.016316585669572645,1.8,0,0.4,0.0
A6,r2,cellpose_rgb,4,1.0952457168168608,72,45,19430,0.9145313705284146,0.016316585669572645,0.5,0,0.4,0.0
A6,r3,cellpose_rgb,1,0.2738114292042152,322,296,432478,0.9812385057505737,0.01522249507839183,6.6,0,0.4,0.0
A6,r3,cellpose_rgb,2,0.5476228584084304,170,151,126924,0.9812385057505737,0.01522249507839183,1.8,0,0.4,0.0
A6,r3,cellpose_rgb,4,1.0952457168168608,40,28,8693,0.9812385057505737,0.01522249507839183,0.5,0,0.4,0.0
A6,r4,cellpose_rgb,1,0.2738114292042152,634,614,246516,0.9486245289832036,0.01792533071647338,6.5,0,0.4,0.0
A6,r4,cellpose_rgb,2,0.5476228584084304,374,368,48366,0.9486245289832036,0.01792533071647338,1.9,0,0.4,0.0
A6,r4,cellpose_rgb,4,1.0952457168168608,40,28,9940,0.9486245289832036,0.01792533071647338,0.5,0,0.4,0.0
A6,r5,cellpose_rgb,1,0.2738114292042152,595,573,324621,0.9249924121458452,0.01744546642209583,6.5,0,0.4,0.0
A6,r5,cellpose_rgb,2,0.5476228584084304,366,337,142903,0.9249924121458452,0.01744546642209583,1.8,0,0.4,0.0
A6,r5,cellpose_rgb,4,1.0952457168168608,125,102,29758,0.9249924121458452,0.01744546642209583,0.5,0,0.4,0.0
A1,r1,stardist_he,1,0.2737612671531527,4658,4656,1014778,0.7987228209207317,0.0010419344910666333,10.2,0,0.6924782541382084,0.3
A1,r1,stardist_he,2,0.5475225343063054,308,304,88506,0.798736517312904,0.0010425051795352274,4.3,0,0.6924782541382084,0.3
A1,r1,stardist_he,4,1.0950450686126108,86,25,49054,0.798736517312904,0.0010425051795352274,2.9,0,0.6924782541382084,0.3
A1,r2,stardist_he,1,0.2737612671531527,3715,3712,824233,0.6822033107648304,0.0,3.2,0,0.6924782541382084,0.3
A1,r2,stardist_he,2,0.5475225343063054,245,241,64756,0.6823430333901572,0.0,0.3,0,0.6924782541382084,0.3
A1,r2,stardist_he,4,1.0950450686126108,44,6,32337,0.6823430333901572,0.0,0.1,0,0.6924782541382084,0.3
A1,r3,stardist_he,1,0.2737612671531527,4442,4442,994817,0.810074166641625,0.0008189197438417843,3.2,0,0.6924782541382084,0.3
A1,r3,stardist_he,2,0.5475225343063054,311,311,71797,0.8101476902332021,0.0008193682826496667,0.3,0,0.6924782541382084,0.3
A1,r3,stardist_he,4,1.0950450686126108,68,14,45981,0.8101476902332021,0.0008193682826496667,0.1,0,0.6924782541382084,0.3
A1,r4,stardist_he,1,0.2737612671531527,3387,3386,804690,0.6388902648292629,0.0,3.0,0,0.6924782541382084,0.3
A1,r4,stardist_he,2,0.5475225343063054,220,220,59473,0.6388109442649619,0.0,0.4,0,0.6924782541382084,0.3
A1,r4,stardist_he,4,1.0950450686126108,47,14,26579,0.6388109442649619,0.0,0.1,0,0.6924782541382084,0.3
A1,r5,stardist_he,1,0.2737612671531527,3969,3966,936437,0.7231059089990423,0.0,3.0,0,0.6924782541382084,0.3
A1,r5,stardist_he,2,0.5475225343063054,299,297,65731,0.7230763140183956,0.0,0.3,0,0.6924782541382084,0.3
A1,r5,stardist_he,4,1.0950450686126108,51,13,39081,0.7230763140183956,0.0,0.4,0,0.6924782541382084,0.3
A2,r1,stardist_he,1,0.2737012522439323,3872,3872,1585613,0.7443043276235055,0.0,3.4,0,0.6924782541382084,0.3
A2,r1,stardist_he,2,0.5474025044878646,610,609,144134,0.7443043276235055,0.0,0.4,0,0.6924782541382084,0.3
A2,r1,stardist_he,4,1.0948050089757293,48,9,28278,0.7442095375427829,0.0,0.1,0,0.6924782541382084,0.3
A2,r2,stardist_he,1,0.2737012522439323,3667,3667,1559116,0.8613086138141345,0.0,3.3,0,0.6924782541382084,0.3
A2,r2,stardist_he,2,0.5474025044878646,563,562,134429,0.8613086138141345,0.0,0.5,0,0.6924782541382084,0.3
A2,r2,stardist_he,4,1.0948050089757293,50,10,32458,0.8614607788917295,0.0,0.1,0,0.6924782541382084,0.3
A2,r3,stardist_he,1,0.2737012522439323,3468,3464,1592799,0.6846559648213009,0.0007717360075663683,3.4,0,0.6924782541382084,0.3
A2,r3,stardist_he,2,0.5474025044878646,671,671,160453,0.6846559648213009,0.0007717360075663683,0.4,0,0.6924782541382084,0.3
A2,r3,stardist_he,4,1.0948050089757293,40,6,26858,0.6844808288216092,0.0007725815139478556,0.1,0,0.6924782541382084,0.3
A2,r4,stardist_he,1,0.2737012522439323,3822,3822,1934494,0.9708807467145047,0.0,4.3,0,0.6924782541382084,0.3
A2,r4,stardist_he,2,0.5474025044878646,720,720,159011,0.9708807467145047,0.0,0.4,0,0.6924782541382084,0.3
A2,r4,stardist_he,4,1.0948050089757293,52,7,33846,0.9708722373312827,0.0,0.1,0,0.6924782541382084,0.3
A2,r5,stardist_he,1,0.2737012522439323,3429,3428,1705580,0.9750222368420658,0.0004697523524317024,3.3,0,0.6924782541382084,0.3
A2,r5,stardist_he,2,0.5474025044878646,590,588,128246,0.9750222368420658,0.0004697523524317024,0.4,0,0.6924782541382084,0.3
A2,r5,stardist_he,4,1.0948050089757293,28,7,17146,0.9750422580494236,0.00047026700848999903,0.1,0,0.6924782541382084,0.3
A3,r1,stardist_he,1,0.2737012522439323,2539,2539,1221159,0.9964367127041948,0.0,3.1,0,0.6924782541382084,0.3
A3,r1,stardist_he,2,0.5474025044878646,637,635,134000,0.9964367127041948,0.0,0.4,0,0.6924782541382084,0.3
A3,r1,stardist_he,4,1.0948050089757293,36,27,9296,0.9964550025252858,0.0,0.1,0,0.6924782541382084,0.3
A3,r2,stardist_he,1,0.2737012522439323,1720,1720,723740,0.9923299746639308,0.0010940915759442456,3.0,0,0.6924782541382084,0.3
A3,r2,stardist_he,2,0.5474025044878646,286,283,53383,0.9923299746639308,0.0010940915759442456,0.3,0,0.6924782541382084,0.3
A3,r2,stardist_he,4,1.0948050089757293,14,7,4768,0.9923629597549813,0.001095290251916758,0.1,0,0.6924782541382084,0.3
A3,r3,stardist_he,1,0.2737012522439323,2720,2720,1275351,0.9994547517337846,0.0,3.6,0,0.6924782541382084,0.3
A3,r3,stardist_he,2,0.5474025044878646,691,690,116977,0.9994547517337846,0.0,0.4,0,0.6924782541382084,0.3
A3,r3,stardist_he,4,1.0948050089757293,25,14,8476,0.9994541543651455,0.0,0.1,0,0.6924782541382084,0.3
A3,r4,stardist_he,1,0.2737012522439323,3433,3433,1578974,0.997742312673517,0.0,3.3,0,0.6924782541382084,0.3
A3,r4,stardist_he,2,0.5474025044878646,918,917,136656,0.997742312673517,0.0,0.4,0,0.6924782541382084,0.3
A3,r4,stardist_he,4,1.0948050089757293,18,10,9816,0.9977398391734817,0.0,0.1,0,0.6924782541382084,0.3
A3,r5,stardist_he,1,0.2737012522439323,2617,2617,1255173,0.9914366063508241,0.0,3.6,0,0.6924782541382084,0.3
A3,r5,stardist_he,2,0.5474025044878646,502,501,96014,0.9914366063508241,0.0,0.5,0,0.6924782541382084,0.3
A3,r5,stardist_he,4,1.0948050089757293,22,7,11738,0.9914404206490405,0.0,0.1,0,0.6924782541382084,0.3
A4,f1,stardist_he,1,0.273775031262766,16934,16933,3979427,0.9904769105922937,0.0,5.6,0,0.6924782541382084,0.3
A4,f1,stardist_he,2,0.547550062525532,1302,1302,151003,0.9904926886676448,0.0,0.4,0,0.6924782541382084,0.3
A4,f1,stardist_he,4,1.095100125051064,5,0,5538,0.9904926886676448,0.0,0.1,0,0.6924782541382084,0.3
A4,f2,stardist_he,1,0.273775031262766,18625,18623,4369897,0.9968900833300298,0.0,6.3,0,0.6924782541382084,0.3
A4,f2,stardist_he,2,0.547550062525532,1004,1003,120836,0.9968928786939054,0.0,0.4,0,0.6924782541382084,0.3
A4,f2,stardist_he,4,1.095100125051064,11,1,12111,0.9968928786939054,0.0,0.1,0,0.6924782541382084,0.3
A4,p1,stardist_he,1,0.273775031262766,22616,22615,4805256,0.9990360007700604,0.0,6.9,0,0.6924782541382084,0.3
A4,p1,stardist_he,2,0.547550062525532,237,236,36074,0.9990354727683011,0.0,0.3,0,0.6924782541382084,0.3
A4,p1,stardist_he,4,1.095100125051064,13,3,10120,0.9990354727683011,0.0,0.1,0,0.6924782541382084,0.3
A4,p2,stardist_he,1,0.273775031262766,21446,21444,4760230,0.9951575225249766,0.0,6.4,0,0.6924782541382084,0.3
A4,p2,stardist_he,2,0.547550062525532,537,536,72629,0.9951797631629775,0.0,0.3,0,0.6924782541382084,0.3
A4,p2,stardist_he,4,1.095100125051064,13,2,11178,0.9951797631629775,0.0,0.1,0,0.6924782541382084,0.3
A4,p3,stardist_he,1,0.273775031262766,23083,23082,4999415,1.0,0.0,6.9,0,0.6924782541382084,0.3
A4,p3,stardist_he,2,0.547550062525532,319,315,51433,1.0,0.0,0.3,0,0.6924782541382084,0.3
A4,p3,stardist_he,4,1.095100125051064,15,1,12766,1.0,0.0,0.1,0,0.6924782541382084,0.3
A5,r1,stardist_he,1,0.2740235311137736,1437,1419,1151666,0.7460517494253373,0.0,3.0,0,0.6924782541382084,0.3
A5,r1,stardist_he,2,0.5480470622275472,920,911,288533,0.746073311018775,0.0,4.1,0,0.6924782541382084,0.3
A5,r1,stardist_he,4,1.0960941244550944,143,143,15146,0.746073311018775,0.0,2.1,0,0.6924782541382084,0.3
A5,r2,stardist_he,1,0.2740235311137736,985,985,941071,0.8401943763372404,0.0,2.8,0,0.6924782541382084,0.3
A5,r2,stardist_he,2,0.5480470622275472,715,715,268598,0.8402513273314867,0.0,0.4,0,0.6924782541382084,0.3
A5,r2,stardist_he,4,1.0960941244550944,200,200,24399,0.8402513273314867,0.0,0.1,0,0.6924782541382084,0.3
A5,r3,stardist_he,1,0.2740235311137736,839,835,750366,0.7805392498393378,0.0,2.9,0,0.6924782541382084,0.3
A5,r3,stardist_he,2,0.5480470622275472,526,523,204144,0.7806825176977532,0.0,0.4,0,0.6924782541382084,0.3
A5,r3,stardist_he,4,1.0960941244550944,133,132,17852,0.7806825176977532,0.0,0.1,0,0.6924782541382084,0.3
A5,r4,stardist_he,1,0.2740235311137736,750,748,682529,0.7481566369144559,0.0,3.6,0,0.6924782541382084,0.3
A5,r4,stardist_he,2,0.5480470622275472,532,530,215776,0.7483612746229609,0.0,0.4,0,0.6924782541382084,0.3
A5,r4,stardist_he,4,1.0960941244550944,190,190,27708,0.7483612746229609,0.0,0.1,0,0.6924782541382084,0.3
A5,r5,stardist_he,1,0.2740235311137736,1183,1182,1012041,0.8691916104007743,0.0,3.1,0,0.6924782541382084,0.3
A5,r5,stardist_he,2,0.5480470622275472,755,755,266829,0.8692229820714066,0.0,0.4,0,0.6924782541382084,0.3
A5,r5,stardist_he,4,1.0960941244550944,178,176,22162,0.8692229820714066,0.0,0.1,0,0.6924782541382084,0.3
A6,r1,stardist_he,1,0.2738114292042152,518,501,302920,0.9362956155999084,0.013842885232056375,3.1,0,0.6924782541382084,0.3
A6,r1,stardist_he,2,0.5476228584084304,141,134,32774,0.9362956155999084,0.013842885232056375,0.3,0,0.6924782541382084,0.3
A6,r1,stardist_he,4,1.0952457168168608,56,25,18813,0.9362956155999084,0.013842885232056375,0.1,0,0.6924782541382084,0.3
A6,r2,stardist_he,1,0.2738114292042152,736,719,297317,0.9145313705284146,0.016316585669572645,3.2,0,0.6924782541382084,0.3
A6,r2,stardist_he,2,0.5476228584084304,181,177,36069,0.9145313705284146,0.016316585669572645,0.3,0,0.6924782541382084,0.3
A6,r2,stardist_he,4,1.0952457168168608,55,41,13252,0.9145313705284146,0.016316585669572645,0.1,0,0.6924782541382084,0.3
A6,r3,stardist_he,1,0.2738114292042152,961,941,296547,0.9812385057505737,0.01522249507839183,3.0,0,0.6924782541382084,0.3
A6,r3,stardist_he,2,0.5476228584084304,175,171,33832,0.9812385057505737,0.01522249507839183,0.3,0,0.6924782541382084,0.3
A6,r3,stardist_he,4,1.0952457168168608,56,40,12659,0.9812385057505737,0.01522249507839183,0.1,0,0.6924782541382084,0.3
A6,r4,stardist_he,1,0.2738114292042152,1092,1064,355345,0.9486245289832036,0.01792533071647338,2.6,0,0.6924782541382084,0.3
A6,r4,stardist_he,2,0.5476228584084304,251,243,43500,0.9486245289832036,0.01792533071647338,0.4,0,0.6924782541382084,0.3
A6,r4,stardist_he,4,1.0952457168168608,49,30,11896,0.9486245289832036,0.01792533071647338,0.1,0,0.6924782541382084,0.3
A6,r5,stardist_he,1,0.2738114292042152,909,888,349841,0.9249924121458452,0.01744546642209583,3.6,0,0.6924782541382084,0.3
A6,r5,stardist_he,2,0.5476228584084304,266,263,55140,0.9249924121458452,0.01744546642209583,0.3,0,0.6924782541382084,0.3
A6,r5,stardist_he,4,1.0952457168168608,151,134,28765,0.9249924121458452,0.01744546642209583,0.1,0,0.6924782541382084,0.3
A1,r1,cellpose_hed,1,0.2737612671531527,10970,10818,2887009,0.7987228209207317,0.0010419344910666333,7.7,0,0.4,0.0
A1,r2,cellpose_hed,1,0.2737612671531527,8754,8658,2354631,0.6822033107648304,0.0,7.1,0,0.4,0.0
A1,r3,cellpose_hed,1,0.2737612671531527,10193,10107,2869991,0.810074166641625,0.0008189197438417843,7.5,0,0.4,0.0
A1,r4,cellpose_hed,1,0.2737612671531527,7940,7870,2265950,0.6388902648292629,0.0,7.2,0,0.4,0.0
A1,r5,cellpose_hed,1,0.2737612671531527,8710,8656,2533733,0.7231059089990423,0.0,7.1,0,0.4,0.0
A2,r1,cellpose_hed,1,0.2737012522439323,6402,6391,3026661,0.7443043276235055,0.0,7.3,0,0.4,0.0
A2,r2,cellpose_hed,1,0.2737012522439323,6087,6079,3012717,0.8613086138141345,0.0,7.4,0,0.4,0.0
A2,r3,cellpose_hed,1,0.2737012522439323,5490,5481,2844972,0.6846559648213009,0.0007717360075663683,7.2,0,0.4,0.0
A2,r4,cellpose_hed,1,0.2737012522439323,6370,6369,3617505,0.9708807467145047,0.0,7.8,0,0.4,0.0
A2,r5,cellpose_hed,1,0.2737012522439323,6177,6173,3584135,0.9750222368420658,0.0004697523524317024,7.7,0,0.4,0.0
A3,r1,cellpose_hed,1,0.2737012522439323,4656,4652,2943534,0.9964367127041948,0.0,7.3,0,0.4,0.0
A3,r2,cellpose_hed,1,0.2737012522439323,3829,3825,2231552,0.9923299746639308,0.0010940915759442456,7.0,0,0.4,0.0
A3,r3,cellpose_hed,1,0.2737012522439323,4856,4853,3043118,0.9994547517337846,0.0,7.5,0,0.4,0.0
A3,r4,cellpose_hed,1,0.2737012522439323,5422,5420,3257594,0.997742312673517,0.0,7.4,0,0.4,0.0
A3,r5,cellpose_hed,1,0.2737012522439323,4783,4782,2956284,0.9914366063508241,0.0,7.8,0,0.4,0.0
A4,f1,cellpose_hed,1,0.273775031262766,23178,23141,7694342,0.9904769105922937,0.0,8.8,0,0.4,0.0
A4,f2,cellpose_hed,1,0.273775031262766,24252,24230,8224276,0.9968900833300298,0.0,8.6,0,0.4,0.0
A4,p1,cellpose_hed,1,0.273775031262766,29782,29769,10557693,0.9990360007700604,0.0,9.2,0,0.4,0.0
A4,p2,cellpose_hed,1,0.273775031262766,28744,28729,10185653,0.9951575225249766,0.0,9.2,0,0.4,0.0
A4,p3,cellpose_hed,1,0.273775031262766,29851,29831,9821646,1.0,0.0,9.3,0,0.4,0.0
A5,r1,cellpose_hed,1,0.2740235311137736,1318,1230,1018057,0.7460517494253373,0.0,6.5,0,0.4,0.0
A5,r2,cellpose_hed,1,0.2740235311137736,713,713,855766,0.8401943763372404,0.0,6.5,0,0.4,0.0
A5,r3,cellpose_hed,1,0.2740235311137736,468,450,440576,0.7805392498393378,0.0,6.3,0,0.4,0.0
A5,r4,cellpose_hed,1,0.2740235311137736,474,469,575505,0.7481566369144559,0.0,6.4,0,0.4,0.0
A5,r5,cellpose_hed,1,0.2740235311137736,1100,955,854928,0.8691916104007743,0.0,6.5,0,0.4,0.0
A6,r1,cellpose_hed,1,0.2738114292042152,645,599,400317,0.9362956155999084,0.013842885232056375,6.4,0,0.4,0.0
A6,r2,cellpose_hed,1,0.2738114292042152,480,470,240011,0.9145313705284146,0.016316585669572645,6.4,0,0.4,0.0
A6,r3,cellpose_hed,1,0.2738114292042152,394,384,195738,0.9812385057505737,0.01522249507839183,6.3,0,0.4,0.0
A6,r4,cellpose_hed,1,0.2738114292042152,772,756,291267,0.9486245289832036,0.01792533071647338,6.3,0,0.4,0.0
A6,r5,cellpose_hed,1,0.2738114292042152,480,460,443176,0.9249924121458452,0.01744546642209583,6.5,0,0.4,0.0
A1,r1,cellpose_rgb_repro,1,0.2737612671531527,9064,8739,1631397,0.7987228209207317,0.0010419344910666333,7.3,0,0.4,0.0
A4,f2,cellpose_rgb_repro,1,0.273775031262766,20501,20413,4254439,0.9968900833300298,0.0,7.8,0,0.4,0.0
A1,r1,stardist_he_repro,1,0.2737612671531527,4658,4656,1014778,0.7987228209207317,0.0010419344910666333,10.6,0,0.6924782541382084,0.3
A4,f2,stardist_he_repro,1,0.273775031262766,18625,18623,4369897,0.9968900833300298,0.0,6.0,0,0.6924782541382084,0.3
