archetype,roi_id,method,scale,um_per_px,n_keep,n_keep_native,density_rel,area_rel
A1,r1,cellpose_rgb,2,0.5475225343063054,7439,8739,0.8512415608193158,1.2619047619047619
A1,r2,cellpose_rgb,2,0.5475225343063054,5676,7004,0.8103940605368362,1.2325581395348837
A1,r3,cellpose_rgb,2,0.5475225343063054,6841,8506,0.8042558194215848,1.1594202898550725
A1,r4,cellpose_rgb,2,0.5475225343063054,5518,6763,0.8159100990684607,1.1685393258426966
A1,r5,cellpose_rgb,2,0.5475225343063054,6389,7675,0.8324429967426712,1.1584699453551912
A2,r1,cellpose_rgb,2,0.5474025044878646,5675,6546,0.8669416437519095,1.0807947019867548
A2,r2,cellpose_rgb,2,0.5474025044878646,5837,6844,0.8528638223261251,1.1398416886543536
A2,r3,cellpose_rgb,2,0.5474025044878646,4872,5409,0.9007210205213533,1.1180722891566266
A2,r4,cellpose_rgb,2,0.5474025044878646,6533,7465,0.8751507032819825,1.1044083526682134
A2,r5,cellpose_rgb,2,0.5474025044878646,5865,6457,0.9083165556760104,1.08584686774942
A3,r1,cellpose_rgb,2,0.5474025044878646,3854,4165,0.9253301320528211,1.0892857142857144
A3,r2,cellpose_rgb,2,0.5474025044878646,2843,3126,0.9094689699296226,1.1027027027027025
A3,r3,cellpose_rgb,2,0.5474025044878646,3994,4299,0.9290532682019074,1.1004784688995215
A3,r4,cellpose_rgb,2,0.5474025044878646,4671,4824,0.9682835820895522,1.0571791613722998
A3,r5,cellpose_rgb,2,0.5474025044878646,4366,4884,0.8939393939393939,1.0780141843971631
A4,f1,cellpose_rgb,2,0.547550062525532,18358,19421,0.9452654343236703,0.923076923076923
A4,f2,cellpose_rgb,2,0.547550062525532,19469,20413,0.9537549600744624,0.9735449735449736
A4,p1,cellpose_rgb,2,0.547550062525532,21055,25529,0.8247483254338203,0.9297297297297298
A4,p2,cellpose_rgb,2,0.547550062525532,23301,24254,0.9607075121629423,0.9502762430939227
A4,p3,cellpose_rgb,2,0.547550062525532,24165,25156,0.9606058196851646,0.9555555555555556
A5,r1,cellpose_rgb,2,0.5480470622275472,1143,1267,0.9021310181531176,1.2659251769464106
A5,r2,cellpose_rgb,2,0.5480470622275472,728,777,0.936936936936937,1.1763826606875933
A5,r3,cellpose_rgb,2,0.5480470622275472,623,645,0.9658914728682171,1.1135430916552669
A5,r4,cellpose_rgb,2,0.5480470622275472,498,524,0.9503816793893131,1.251028806584362
A5,r5,cellpose_rgb,2,0.5480470622275472,887,929,0.9547900968783638,1.1514644351464436
A6,r1,cellpose_rgb,2,0.5476228584084304,672,669,1.0044843049327354,1.2040133779264215
A6,r2,cellpose_rgb,2,0.5476228584084304,279,539,0.5176252319109461,1.1851851851851851
A6,r3,cellpose_rgb,2,0.5476228584084304,151,296,0.5101351351351352,10.18840579710145
A6,r4,cellpose_rgb,2,0.5476228584084304,368,614,0.5993485342019544,1.1368421052631579
A6,r5,cellpose_rgb,2,0.5476228584084304,337,573,0.5881326352530541,1.5933609958506223
A1,r1,cellpose_rgb,4,1.0950450686126108,165,8739,0.01888087881908685,5.238095238095237
A1,r2,cellpose_rgb,4,1.0950450686126108,67,7004,0.009565962307252998,4.558139534883721
A1,r3,cellpose_rgb,4,1.0950450686126108,100,8506,0.011756407241946862,5.0086956521739125
A1,r4,cellpose_rgb,4,1.0950450686126108,273,6763,0.040366701168120654,4.404494382022471
A1,r5,cellpose_rgb,4,1.0950450686126108,261,7675,0.034006514657980456,4.28415300546448
A2,r1,cellpose_rgb,4,1.0948050089757293,1493,6546,0.22807821570424686,2.0344370860927152
A2,r2,cellpose_rgb,4,1.0948050089757293,1544,6844,0.2255990648743425,2.321899736147757
A2,r3,cellpose_rgb,4,1.0948050089757293,2008,5409,0.3712331299685709,2.313253012048193
A2,r4,cellpose_rgb,4,1.0948050089757293,1826,7465,0.24460817146684527,2.1160092807424595
A2,r5,cellpose_rgb,4,1.0948050089757293,1742,6457,0.26978472975065815,1.8932714617169373
A3,r1,cellpose_rgb,4,1.0948050089757293,1775,4165,0.42617046818727494,1.7142857142857146
A3,r2,cellpose_rgb,4,1.0948050089757293,930,3126,0.29750479846449135,1.8162162162162163
A3,r3,cellpose_rgb,4,1.0948050089757293,1997,4299,0.4645266341009537,1.6076555023923444
A3,r4,cellpose_rgb,4,1.0948050089757293,2294,4824,0.47553897180762855,1.6264294790343075
A3,r5,cellpose_rgb,4,1.0948050089757293,1497,4884,0.30651105651105653,1.6643026004728132
A4,f1,cellpose_rgb,4,1.095100125051064,703,19421,0.03619793007569126,1.9692307692307693
A4,f2,cellpose_rgb,4,1.095100125051064,874,20413,0.042815852642923626,1.9470899470899472
A4,p1,cellpose_rgb,4,1.095100125051064,74,25529,0.0028986642641701593,1.5567567567567568
A4,p2,cellpose_rgb,4,1.095100125051064,177,24254,0.007297765317061103,2.0331491712707184
A4,p3,cellpose_rgb,4,1.095100125051064,2,25156,7.950389569088885e-05,1.9111111111111114
A5,r1,cellpose_rgb,4,1.0960941244550944,1140,1267,0.8997632202052092,1.9413549039433773
A5,r2,cellpose_rgb,4,1.0960941244550944,770,777,0.9909909909909911,1.6023916292974587
A5,r3,cellpose_rgb,4,1.0960941244550944,615,645,0.9534883720930232,1.3789329685362517
A5,r4,cellpose_rgb,4,1.0960941244550944,507,524,0.967557251908397,1.4375857338820301
A5,r5,cellpose_rgb,4,1.0960941244550944,907,929,0.9763186221743809,1.7004184100418411
A6,r1,cellpose_rgb,4,1.0952457168168608,308,669,0.4603886397608371,2.0334448160535117
A6,r2,cellpose_rgb,4,1.0952457168168608,45,539,0.08348794063079777,12.181069958847736
A6,r3,cellpose_rgb,4,1.0952457168168608,28,296,0.0945945945945946,7.449275362318842
A6,r4,cellpose_rgb,4,1.0952457168168608,28,614,0.04560260586319219,11.621052631578948
A6,r5,cellpose_rgb,4,1.0952457168168608,102,573,0.17801047120418848,12.84647302904564
A1,r1,stardist_he,2,0.5475225343063054,304,4656,0.06529209621993128,3.8952879581151834
A1,r2,stardist_he,2,0.5475225343063054,241,3712,0.06492456896551725,3.5126903553299496
A1,r3,stardist_he,2,0.5475225343063054,311,4442,0.07001350742908599,3.569230769230769
A1,r4,stardist_he,2,0.5475225343063054,220,3386,0.06497341996455995,4.009708737864078
A1,r5,stardist_he,2,0.5475225343063054,297,3966,0.07488653555219364,3.2884615384615383
A2,r1,stardist_he,2,0.5474025044878646,609,3872,0.15728305785123967,1.9299191374663072
A2,r2,stardist_he,2,0.5474025044878646,562,3667,0.15325879465503137,1.761658031088083
A2,r3,stardist_he,2,0.5474025044878646,671,3464,0.1937066974595843,1.777777777777778
A2,r4,stardist_he,2,0.5474025044878646,720,3822,0.18838304552590268,1.4050632911392404
A2,r5,stardist_he,2,0.5474025044878646,588,3428,0.17152858809801633,1.4385964912280702
A3,r1,stardist_he,2,0.5474025044878646,635,2539,0.2500984639621898,1.4930875576036866
A3,r2,stardist_he,2,0.5474025044878646,283,1720,0.16453488372093025,1.4323607427055702
A3,r3,stardist_he,2,0.5474025044878646,690,2720,0.25367647058823534,1.2114014251781473
A3,r4,stardist_he,2,0.5474025044878646,917,3433,0.2671133119720361,1.192488262910798
A3,r5,stardist_he,2,0.5474025044878646,501,2617,0.19144058081773022,1.2252252252252251
A4,f1,stardist_he,2,0.547550062525532,1302,16933,0.07689127738735015,1.9906103286384977
A4,f2,stardist_he,2,0.547550062525532,1003,18623,0.053858132416903834,1.945945945945946
A4,p1,stardist_he,2,0.547550062525532,236,22615,0.010435551625027637,1.9904306220095693
A4,p2,stardist_he,2,0.547550062525532,536,21444,0.024995336690915877,2.2336448598130842
A4,p3,stardist_he,2,0.547550062525532,315,23082,0.013646997660514687,2.0469483568075115
A5,r1,stardist_he,2,0.5480470622275472,911,1419,0.6420014094432699,1.7857142857142856
A5,r2,stardist_he,2,0.5480470622275472,715,985,0.7258883248730964,1.7360959651035988
A5,r3,stardist_he,2,0.5480470622275472,523,835,0.6263473053892216,2.3333333333333335
A5,r4,stardist_he,2,0.5480470622275472,530,748,0.7085561497326203,2.8337595907928383
A5,r5,stardist_he,2,0.5480470622275472,755,1182,0.6387478849407784,1.8423028785982478
A6,r1,stardist_he,2,0.5476228584084304,134,501,0.26746506986027946,1.9047619047619049
A6,r2,stardist_he,2,0.5476228584084304,177,719,0.24617524339360222,2.0125786163522013
A6,r3,stardist_he,2,0.5476228584084304,171,941,0.18172157279489903,2.1434599156118144
A6,r4,stardist_he,2,0.5476228584084304,243,1064,0.22838345864661655,1.8461538461538463
A6,r5,stardist_he,2,0.5476228584084304,263,888,0.2961711711711712,2.0841423948220066
A1,r1,stardist_he,4,1.0950450686126108,25,4656,0.0053694158075601375,13.319371727748692
A1,r2,stardist_he,4,1.0950450686126108,6,3712,0.0016163793103448276,23.95939086294416
A1,r3,stardist_he,4,1.0950450686126108,14,4442,0.003151733453399369,17.353846153846153
A1,r4,stardist_he,4,1.0950450686126108,14,3386,0.004134672179562906,15.495145631067961
A1,r5,stardist_he,4,1.0950450686126108,13,3966,0.0032778618255168935,15.384615384615385
A2,r1,stardist_he,4,1.0948050089757293,9,3872,0.0023243801652892563,7.547169811320754
A2,r2,stardist_he,4,1.0948050089757293,10,3667,0.002727024815925825,10.01036269430052
A2,r3,stardist_he,4,1.0948050089757293,6,3464,0.0017321016166281756,7.9810874704491725
A2,r4,stardist_he,4,1.0948050089757293,7,3822,0.0018315018315018315,5.063291139240507
A2,r5,stardist_he,4,1.0948050089757293,7,3428,0.002042007001166861,5.157894736842105
A3,r1,stardist_he,4,1.0948050089757293,27,2539,0.01063410791650256,5.7142857142857135
A3,r2,stardist_he,4,1.0948050089757293,7,1720,0.004069767441860465,9.464190981432361
A3,r3,stardist_he,4,1.0948050089757293,14,2720,0.0051470588235294126,5.30166270783848
A3,r4,stardist_he,4,1.0948050089757293,10,3433,0.0029129041654529565,5.23943661971831
A3,r5,stardist_he,4,1.0948050089757293,7,2617,0.0026748184944593045,8.684684684684685
A4,f1,stardist_he,4,1.095100125051064,0,16933,0.0,
A4,f2,stardist_he,4,1.095100125051064,1,18623,5.3697041293024756e-05,15.135135135135135
A4,p1,stardist_he,4,1.095100125051064,3,22615,0.00013265531726730048,21.358851674641148
A4,p2,stardist_he,4,1.095100125051064,2,21444,9.326618168252193e-05,9.383177570093457
A4,p3,stardist_he,4,1.095100125051064,1,23082,4.332380209687202e-05,18.704225352112676
A5,r1,stardist_he,4,1.0960941244550944,143,1419,0.1007751937984496,2.197802197802198
A5,r2,stardist_he,4,1.0960941244550944,200,985,0.20304568527918782,2.0501635768811344
A5,r3,stardist_he,4,1.0960941244550944,132,835,0.15808383233532936,2.9152542372881354
A5,r4,stardist_he,4,1.0960941244550944,190,748,0.25401069518716574,3.9011082693947143
A5,r5,stardist_he,4,1.0960941244550944,176,1182,0.14890016920473775,2.3028785982478093
A6,r1,stardist_he,4,1.0952457168168608,25,501,0.0499001996007984,9.638095238095238
A6,r2,stardist_he,4,1.0952457168168608,41,719,0.05702364394993046,8.60377358490566
A6,r3,stardist_he,4,1.0952457168168608,40,941,0.04250797024442082,9.215189873417723
A6,r4,stardist_he,4,1.0952457168168608,30,1064,0.02819548872180451,8.830769230769231
A6,r5,stardist_he,4,1.0952457168168608,134,888,0.15090090090090091,9.76051779935275
