"namespace","lib","path"
"DBI","project","/home/user/2025.geo_spatialtrans/renv/library/linux-ubuntu-noble/R-4.6/x86_64-pc-linux-gnu"
"deldir","project","/home/user/2025.geo_spatialtrans/renv/library/linux-ubuntu-noble/R-4.6/x86_64-pc-linux-gnu"
"pbapply","project","/home/user/2025.geo_spatialtrans/renv/library/linux-ubuntu-noble/R-4.6/x86_64-pc-linux-gnu"
"gridExtra","project","/home/user/2025.geo_spatialtrans/renv/library/linux-ubuntu-noble/R-4.6/x86_64-pc-linux-gnu"
"s2","project","/home/user/2025.geo_spatialtrans/renv/library/linux-ubuntu-noble/R-4.6/x86_64-pc-linux-gnu"
"testthat","project","/home/user/2025.geo_spatialtrans/renv/library/linux-ubuntu-noble/R-4.6/x86_64-pc-linux-gnu"
"rlang","project","/home/user/2025.geo_spatialtrans/renv/library/linux-ubuntu-noble/R-4.6/x86_64-pc-linux-gnu"
"magrittr","project","/home/user/2025.geo_spatialtrans/renv/library/linux-ubuntu-noble/R-4.6/x86_64-pc-linux-gnu"
"otel","project","/home/user/2025.geo_spatialtrans/renv/library/linux-ubuntu-noble/R-4.6/x86_64-pc-linux-gnu"
"e1071","project","/home/user/2025.geo_spatialtrans/renv/library/linux-ubuntu-noble/R-4.6/x86_64-pc-linux-gnu"
"spatstat.geom","project","/home/user/2025.geo_spatialtrans/renv/library/linux-ubuntu-noble/R-4.6/x86_64-pc-linux-gnu"
"mgcv","project","/home/user/2025.geo_spatialtrans/renv/library/linux-ubuntu-noble/R-4.6/x86_64-pc-linux-gnu"
"spatstat.model","project","/home/user/2025.geo_spatialtrans/renv/library/linux-ubuntu-noble/R-4.6/x86_64-pc-linux-gnu"
"maps","project","/home/user/2025.geo_spatialtrans/renv/library/linux-ubuntu-noble/R-4.6/x86_64-pc-linux-gnu"
"spatstat.linnet","project","/home/user/2025.geo_spatialtrans/renv/library/linux-ubuntu-noble/R-4.6/x86_64-pc-linux-gnu"
"png","project","/home/user/2025.geo_spatialtrans/renv/library/linux-ubuntu-noble/R-4.6/x86_64-pc-linux-gnu"
"vctrs","project","/home/user/2025.geo_spatialtrans/renv/library/linux-ubuntu-noble/R-4.6/x86_64-pc-linux-gnu"
"reshape2","project","/home/user/2025.geo_spatialtrans/renv/library/linux-ubuntu-noble/R-4.6/x86_64-pc-linux-gnu"
"polylabelr","project","/home/user/2025.geo_spatialtrans/renv/library/linux-ubuntu-noble/R-4.6/x86_64-pc-linux-gnu"
"stringr","project","/home/user/2025.geo_spatialtrans/renv/library/linux-ubuntu-noble/R-4.6/x86_64-pc-linux-gnu"
"wk","project","/home/user/2025.geo_spatialtrans/renv/library/linux-ubuntu-noble/R-4.6/x86_64-pc-linux-gnu"
"pkgconfig","project","/home/user/2025.geo_spatialtrans/renv/library/linux-ubuntu-noble/R-4.6/x86_64-pc-linux-gnu"
"fastmap","project","/home/user/2025.geo_spatialtrans/renv/library/linux-ubuntu-noble/R-4.6/x86_64-pc-linux-gnu"
"rmarkdown","project","/home/user/2025.geo_spatialtrans/renv/library/linux-ubuntu-noble/R-4.6/x86_64-pc-linux-gnu"
"ps","project","/home/user/2025.geo_spatialtrans/renv/library/linux-ubuntu-noble/R-4.6/x86_64-pc-linux-gnu"
"purrr","project","/home/user/2025.geo_spatialtrans/renv/library/linux-ubuntu-noble/R-4.6/x86_64-pc-linux-gnu"
"xfun","project","/home/user/2025.geo_spatialtrans/renv/library/linux-ubuntu-noble/R-4.6/x86_64-pc-linux-gnu"
"jsonlite","project","/home/user/2025.geo_spatialtrans/renv/library/linux-ubuntu-noble/R-4.6/x86_64-pc-linux-gnu"
"goftest","project","/home/user/2025.geo_spatialtrans/renv/library/linux-ubuntu-noble/R-4.6/x86_64-pc-linux-gnu"
"later","project","/home/user/2025.geo_spatialtrans/renv/library/linux-ubuntu-noble/R-4.6/x86_64-pc-linux-gnu"
"gmp","project","/home/user/2025.geo_spatialtrans/renv/library/linux-ubuntu-noble/R-4.6/x86_64-pc-linux-gnu"
"tictoc","project","/home/user/2025.geo_spatialtrans/renv/library/linux-ubuntu-noble/R-4.6/x86_64-pc-linux-gnu"
"spatstat.utils","project","/home/user/2025.geo_spatialtrans/renv/library/linux-ubuntu-noble/R-4.6/x86_64-pc-linux-gnu"
"jpeg","project","/home/user/2025.geo_spatialtrans/renv/library/linux-ubuntu-noble/R-4.6/x86_64-pc-linux-gnu"
"tiff","project","/home/user/2025.geo_spatialtrans/renv/library/linux-ubuntu-noble/R-4.6/x86_64-pc-linux-gnu"
"cluster","project","/home/user/2025.geo_spatialtrans/renv/library/linux-ubuntu-noble/R-4.6/x86_64-pc-linux-gnu"
"R6","project","/home/user/2025.geo_spatialtrans/renv/library/linux-ubuntu-noble/R-4.6/x86_64-pc-linux-gnu"
"stringi","project","/home/user/2025.geo_spatialtrans/renv/library/linux-ubuntu-noble/R-4.6/x86_64-pc-linux-gnu"
"RColorBrewer","project","/home/user/2025.geo_spatialtrans/renv/library/linux-ubuntu-noble/R-4.6/x86_64-pc-linux-gnu"
"spatstat.data","project","/home/user/2025.geo_spatialtrans/renv/library/linux-ubuntu-noble/R-4.6/x86_64-pc-linux-gnu"
"boot","project","/home/user/2025.geo_spatialtrans/renv/library/linux-ubuntu-noble/R-4.6/x86_64-pc-linux-gnu"
"parallelly","project","/home/user/2025.geo_spatialtrans/renv/library/linux-ubuntu-noble/R-4.6/x86_64-pc-linux-gnu"
"spatstat.univar","project","/home/user/2025.geo_spatialtrans/renv/library/linux-ubuntu-noble/R-4.6/x86_64-pc-linux-gnu"
"ClusterR","project","/home/user/2025.geo_spatialtrans/renv/library/linux-ubuntu-noble/R-4.6/x86_64-pc-linux-gnu"
"rpart","project","/home/user/2025.geo_spatialtrans/renv/library/linux-ubuntu-noble/R-4.6/x86_64-pc-linux-gnu"
"brio","project","/home/user/2025.geo_spatialtrans/renv/library/linux-ubuntu-noble/R-4.6/x86_64-pc-linux-gnu"
"Rcpp","project","/home/user/2025.geo_spatialtrans/renv/library/linux-ubuntu-noble/R-4.6/x86_64-pc-linux-gnu"
"knitr","project","/home/user/2025.geo_spatialtrans/renv/library/linux-ubuntu-noble/R-4.6/x86_64-pc-linux-gnu"
"fields","project","/home/user/2025.geo_spatialtrans/renv/library/linux-ubuntu-noble/R-4.6/x86_64-pc-linux-gnu"
"tensor","project","/home/user/2025.geo_spatialtrans/renv/library/linux-ubuntu-noble/R-4.6/x86_64-pc-linux-gnu"
"future.apply","project","/home/user/2025.geo_spatialtrans/renv/library/linux-ubuntu-noble/R-4.6/x86_64-pc-linux-gnu"
"zoo","project","/home/user/2025.geo_spatialtrans/renv/library/linux-ubuntu-noble/R-4.6/x86_64-pc-linux-gnu"
"FNN","project","/home/user/2025.geo_spatialtrans/renv/library/linux-ubuntu-noble/R-4.6/x86_64-pc-linux-gnu"
"Matrix","project","/home/user/2025.geo_spatialtrans/renv/library/linux-ubuntu-noble/R-4.6/x86_64-pc-linux-gnu"
"igraph","project","/home/user/2025.geo_spatialtrans/renv/library/linux-ubuntu-noble/R-4.6/x86_64-pc-linux-gnu"
"tidyselect","project","/home/user/2025.geo_spatialtrans/renv/library/linux-ubuntu-noble/R-4.6/x86_64-pc-linux-gnu"
"rstudioapi","project","/home/user/2025.geo_spatialtrans/renv/library/linux-ubuntu-noble/R-4.6/x86_64-pc-linux-gnu"
"abind","project","/home/user/2025.geo_spatialtrans/renv/library/linux-ubuntu-noble/R-4.6/x86_64-pc-linux-gnu"
"yaml","project","/home/user/2025.geo_spatialtrans/renv/library/linux-ubuntu-noble/R-4.6/x86_64-pc-linux-gnu"
"viridis","project","/home/user/2025.geo_spatialtrans/renv/library/linux-ubuntu-noble/R-4.6/x86_64-pc-linux-gnu"
"codetools","project","/home/user/2025.geo_spatialtrans/renv/library/linux-ubuntu-noble/R-4.6/x86_64-pc-linux-gnu"
"spatstat.random","project","/home/user/2025.geo_spatialtrans/renv/library/linux-ubuntu-noble/R-4.6/x86_64-pc-linux-gnu"
"spatstat.explore","project","/home/user/2025.geo_spatialtrans/renv/library/linux-ubuntu-noble/R-4.6/x86_64-pc-linux-gnu"
"processx","project","/home/user/2025.geo_spatialtrans/renv/library/linux-ubuntu-noble/R-4.6/x86_64-pc-linux-gnu"
"listenv","project","/home/user/2025.geo_spatialtrans/renv/library/linux-ubuntu-noble/R-4.6/x86_64-pc-linux-gnu"
"lattice","project","/home/user/2025.geo_spatialtrans/renv/library/linux-ubuntu-noble/R-4.6/x86_64-pc-linux-gnu"
"tibble","project","/home/user/2025.geo_spatialtrans/renv/library/linux-ubuntu-noble/R-4.6/x86_64-pc-linux-gnu"
"intervals","project","/home/user/2025.geo_spatialtrans/renv/library/linux-ubuntu-noble/R-4.6/x86_64-pc-linux-gnu"
"plyr","project","/home/user/2025.geo_spatialtrans/renv/library/linux-ubuntu-noble/R-4.6/x86_64-pc-linux-gnu"
"withr","project","/home/user/2025.geo_spatialtrans/renv/library/linux-ubuntu-noble/R-4.6/x86_64-pc-linux-gnu"
"spatstat","project","/home/user/2025.geo_spatialtrans/renv/library/linux-ubuntu-noble/R-4.6/x86_64-pc-linux-gnu"
"S7","project","/home/user/2025.geo_spatialtrans/renv/library/linux-ubuntu-noble/R-4.6/x86_64-pc-linux-gnu"
"evaluate","project","/home/user/2025.geo_spatialtrans/renv/library/linux-ubuntu-noble/R-4.6/x86_64-pc-linux-gnu"
"future","project","/home/user/2025.geo_spatialtrans/renv/library/linux-ubuntu-noble/R-4.6/x86_64-pc-linux-gnu"
"sf","project","/home/user/2025.geo_spatialtrans/renv/library/linux-ubuntu-noble/R-4.6/x86_64-pc-linux-gnu"
"spData","project","/home/user/2025.geo_spatialtrans/renv/library/linux-ubuntu-noble/R-4.6/x86_64-pc-linux-gnu"
"units","project","/home/user/2025.geo_spatialtrans/renv/library/linux-ubuntu-noble/R-4.6/x86_64-pc-linux-gnu"
"proxy","project","/home/user/2025.geo_spatialtrans/renv/library/linux-ubuntu-noble/R-4.6/x86_64-pc-linux-gnu"
"polyclip","project","/home/user/2025.geo_spatialtrans/renv/library/linux-ubuntu-noble/R-4.6/x86_64-pc-linux-gnu"
"xts","project","/home/user/2025.geo_spatialtrans/renv/library/linux-ubuntu-noble/R-4.6/x86_64-pc-linux-gnu"
"pillar","project","/home/user/2025.geo_spatialtrans/renv/library/linux-ubuntu-noble/R-4.6/x86_64-pc-linux-gnu"
"KernSmooth","project","/home/user/2025.geo_spatialtrans/renv/library/linux-ubuntu-noble/R-4.6/x86_64-pc-linux-gnu"
"renv","project","/home/user/2025.geo_spatialtrans/renv/library/linux-ubuntu-noble/R-4.6/x86_64-pc-linux-gnu"
"generics","project","/home/user/2025.geo_spatialtrans/renv/library/linux-ubuntu-noble/R-4.6/x86_64-pc-linux-gnu"
"sp","project","/home/user/2025.geo_spatialtrans/renv/library/linux-ubuntu-noble/R-4.6/x86_64-pc-linux-gnu"
"spacetime","project","/home/user/2025.geo_spatialtrans/renv/library/linux-ubuntu-noble/R-4.6/x86_64-pc-linux-gnu"
"ggplot2","project","/home/user/2025.geo_spatialtrans/renv/library/linux-ubuntu-noble/R-4.6/x86_64-pc-linux-gnu"
"scales","project","/home/user/2025.geo_spatialtrans/renv/library/linux-ubuntu-noble/R-4.6/x86_64-pc-linux-gnu"
"globals","project","/home/user/2025.geo_spatialtrans/renv/library/linux-ubuntu-noble/R-4.6/x86_64-pc-linux-gnu"
"class","project","/home/user/2025.geo_spatialtrans/renv/library/linux-ubuntu-noble/R-4.6/x86_64-pc-linux-gnu"
"glue","project","/home/user/2025.geo_spatialtrans/renv/library/linux-ubuntu-noble/R-4.6/x86_64-pc-linux-gnu"
"pheatmap","project","/home/user/2025.geo_spatialtrans/renv/library/linux-ubuntu-noble/R-4.6/x86_64-pc-linux-gnu"
"hexbin","project","/home/user/2025.geo_spatialtrans/renv/library/linux-ubuntu-noble/R-4.6/x86_64-pc-linux-gnu"
"dotCall64","project","/home/user/2025.geo_spatialtrans/renv/library/linux-ubuntu-noble/R-4.6/x86_64-pc-linux-gnu"
"bmp","project","/home/user/2025.geo_spatialtrans/renv/library/linux-ubuntu-noble/R-4.6/x86_64-pc-linux-gnu"
"spdep","project","/home/user/2025.geo_spatialtrans/renv/library/linux-ubuntu-noble/R-4.6/x86_64-pc-linux-gnu"
"tidyr","project","/home/user/2025.geo_spatialtrans/renv/library/linux-ubuntu-noble/R-4.6/x86_64-pc-linux-gnu"
"quarto","project","/home/user/2025.geo_spatialtrans/renv/library/linux-ubuntu-noble/R-4.6/x86_64-pc-linux-gnu"
"tidyverse","project","/home/user/2025.geo_spatialtrans/renv/library/linux-ubuntu-noble/R-4.6/x86_64-pc-linux-gnu"
"readbitmap","project","/home/user/2025.geo_spatialtrans/renv/library/linux-ubuntu-noble/R-4.6/x86_64-pc-linux-gnu"
"nlme","project","/home/user/2025.geo_spatialtrans/renv/library/linux-ubuntu-noble/R-4.6/x86_64-pc-linux-gnu"
"cli","project","/home/user/2025.geo_spatialtrans/renv/library/linux-ubuntu-noble/R-4.6/x86_64-pc-linux-gnu"
"spatstat.sparse","project","/home/user/2025.geo_spatialtrans/renv/library/linux-ubuntu-noble/R-4.6/x86_64-pc-linux-gnu"
"gstat","project","/home/user/2025.geo_spatialtrans/renv/library/linux-ubuntu-noble/R-4.6/x86_64-pc-linux-gnu"
"spam","project","/home/user/2025.geo_spatialtrans/renv/library/linux-ubuntu-noble/R-4.6/x86_64-pc-linux-gnu"
"viridisLite","project","/home/user/2025.geo_spatialtrans/renv/library/linux-ubuntu-noble/R-4.6/x86_64-pc-linux-gnu"
"dplyr","project","/home/user/2025.geo_spatialtrans/renv/library/linux-ubuntu-noble/R-4.6/x86_64-pc-linux-gnu"
"gtable","project","/home/user/2025.geo_spatialtrans/renv/library/linux-ubuntu-noble/R-4.6/x86_64-pc-linux-gnu"
"imager","project","/home/user/2025.geo_spatialtrans/renv/library/linux-ubuntu-noble/R-4.6/x86_64-pc-linux-gnu"
"digest","project","/home/user/2025.geo_spatialtrans/renv/library/linux-ubuntu-noble/R-4.6/x86_64-pc-linux-gnu"
"classInt","project","/home/user/2025.geo_spatialtrans/renv/library/linux-ubuntu-noble/R-4.6/x86_64-pc-linux-gnu"
"farver","project","/home/user/2025.geo_spatialtrans/renv/library/linux-ubuntu-noble/R-4.6/x86_64-pc-linux-gnu"
"htmltools","project","/home/user/2025.geo_spatialtrans/renv/library/linux-ubuntu-noble/R-4.6/x86_64-pc-linux-gnu"
"lifecycle","project","/home/user/2025.geo_spatialtrans/renv/library/linux-ubuntu-noble/R-4.6/x86_64-pc-linux-gnu"
"MASS","project","/home/user/2025.geo_spatialtrans/renv/library/linux-ubuntu-noble/R-4.6/x86_64-pc-linux-gnu"
